gameID,isHome,opponent,shotsFor,shotsAgainst,goalsFor,goalsAgainst,teamSaves,opponentSaves,backToBack,team
2024020001,False,BUF,23,31,4,1,30,19,False,NJD
2024020001,True,NJD,31,23,1,4,19,30,False,BUF
2024020002,False,NJD,18,37,1,3,34,17,True,BUF
2024020002,True,BUF,37,18,3,1,17,34,True,NJD
2024020003,True,STL,32,25,2,3,22,30,False,SEA
2024020003,False,SEA,25,32,3,2,30,22,False,STL
2024020004,False,FLA,28,35,4,6,29,24,False,BOS
2024020004,True,BOS,35,28,6,4,24,29,False,FLA
2024020005,True,CHI,27,26,5,2,24,22,False,UTA
2024020005,False,UTA,26,27,2,5,22,24,False,CHI
2024020006,True,TOR,27,48,1,0,48,26,False,MTL
2024020006,False,MTL,48,27,0,1,26,48,False,TOR
2024020007,False,PIT,40,31,6,0,31,34,False,NYR
2024020007,True,NYR,31,40,0,6,34,31,False,PIT
2024020008,False,EDM,20,30,6,0,30,14,False,WPG
2024020008,True,WPG,30,20,0,6,14,30,False,EDM
2024020009,True,CGY,24,26,5,6,20,19,False,VAN
2024020009,False,VAN,26,24,6,5,19,20,False,CGY
2024020010,True,COL,21,32,8,4,28,13,False,VGK
2024020010,False,VGK,32,21,4,8,13,28,False,COL
2024020011,False,BOS,24,29,4,6,23,20,True,MTL
2024020011,True,MTL,29,24,6,4,20,23,False,BOS
2024020012,False,BUF,23,33,3,1,32,20,False,LAK
2024020012,True,LAK,33,23,1,3,20,32,False,BUF
2024020013,False,OTT,32,31,1,3,28,31,False,FLA
2024020013,True,FLA,31,32,3,1,31,28,False,OTT
2024020014,False,DET,28,32,6,3,29,22,True,PIT
2024020014,True,PIT,32,28,3,6,22,29,False,DET
2024020015,False,NJD,22,23,4,2,21,18,True,TOR
2024020015,True,TOR,23,22,2,4,18,21,False,NJD
2024020016,True,UTA,27,26,4,5,21,23,False,NYI
2024020016,False,NYI,26,27,5,4,23,21,False,UTA
2024020017,False,NSH,20,36,4,3,33,16,False,DAL
2024020017,True,DAL,36,20,3,4,16,33,False,NSH
2024020018,True,CBJ,26,33,3,2,31,23,False,MIN
2024020018,False,MIN,33,26,2,3,23,31,False,CBJ
2024020019,False,SJS,40,29,5,4,25,35,False,STL
2024020019,True,STL,29,40,4,5,35,25,False,SJS
2024020020,True,TBL,21,23,1,4,19,20,False,CAR
2024020020,False,CAR,23,21,4,1,20,19,False,TBL
2024020021,False,WPG,26,35,1,2,33,25,False,CHI
2024020021,True,CHI,35,26,2,1,25,33,False,WPG
2024020022,False,VAN,31,26,3,2,24,29,False,PHI
2024020022,True,PHI,26,31,2,3,29,24,False,VAN
2024020023,False,VGK,22,28,3,4,24,19,True,STL
2024020023,True,STL,28,22,4,3,19,24,False,VGK
2024020024,True,LAK,26,34,2,1,33,24,False,BOS
2024020024,False,BOS,34,26,1,2,24,33,False,LAK
2024020025,False,BUF,25,27,2,5,22,23,False,FLA
2024020025,True,FLA,27,25,5,2,23,22,False,BUF
2024020026,True,PIT,33,23,4,2,21,29,False,TOR
2024020026,False,TOR,23,33,2,4,29,21,False,PIT
2024020027,False,MTL,25,26,1,4,22,24,False,OTT
2024020027,True,OTT,26,25,4,1,24,22,False,MTL
2024020028,True,NSH,22,42,3,0,42,19,False,DET
2024020028,False,DET,42,22,0,3,19,42,False,NSH
2024020029,False,TBL,31,33,2,3,30,29,False,CAR
2024020029,True,CAR,33,31,3,2,29,30,False,TBL
2024020030,False,NYR,26,34,6,5,29,20,False,UTA
2024020030,True,UTA,34,26,5,6,20,29,False,NYR
2024020031,False,WSH,33,32,5,3,29,28,False,NJD
2024020031,True,NJD,32,33,3,5,28,29,False,WSH
2024020032,False,DAL,34,27,0,3,24,34,False,NYI
2024020032,True,NYI,27,34,3,0,34,24,False,DAL
2024020033,True,SEA,38,34,4,5,30,34,False,MIN
2024020033,False,MIN,34,38,5,4,34,30,False,SEA
2024020034,True,CBJ,30,23,4,6,17,26,False,COL
2024020034,False,COL,23,30,6,4,26,17,False,CBJ
2024020035,False,CGY,40,32,3,6,26,37,True,PHI
2024020035,True,PHI,32,40,6,3,37,26,False,CGY
2024020036,True,CHI,38,20,2,5,15,36,False,EDM
2024020036,False,EDM,20,38,5,2,36,15,True,CHI
2024020037,True,ANA,30,30,0,2,28,30,False,SJS
2024020037,False,SJS,30,30,2,0,30,28,False,ANA
2024020038,True,MIN,35,27,2,1,26,33,False,WPG
2024020038,False,WPG,27,35,1,2,33,26,True,MIN
2024020039,True,SEA,23,25,2,0,25,21,True,DAL
2024020039,False,DAL,25,23,0,2,21,25,True,SEA
2024020040,True,CGY,26,29,1,4,25,25,True,EDM
2024020040,False,EDM,29,26,4,1,25,25,True,CGY
2024020041,True,ANA,32,23,3,1,22,29,False,VGK
2024020041,False,VGK,23,32,1,3,29,22,True,ANA
2024020042,False,BOS,26,27,4,3,24,22,False,FLA
2024020042,True,FLA,27,26,3,4,22,24,False,BOS
2024020043,False,OTT,26,41,7,8,33,19,False,LAK
2024020043,True,LAK,41,26,8,7,19,33,False,OTT
2024020044,False,NJD,20,32,0,3,29,20,False,UTA
2024020044,True,UTA,32,20,3,0,20,29,False,NJD
2024020045,False,NYR,32,28,1,4,24,31,False,DET
2024020045,True,DET,28,32,4,1,31,24,False,NYR
2024020046,True,PIT,28,30,3,6,24,25,False,MTL
2024020046,False,MTL,30,28,6,3,25,24,False,PIT
2024020047,True,NYI,34,37,2,6,31,32,False,COL
2024020047,False,COL,37,34,6,2,32,31,False,NYI
2024020048,False,TBL,27,27,1,4,23,26,False,VAN
2024020048,True,VAN,27,27,4,1,26,23,False,TBL
2024020049,True,VGK,22,26,4,2,24,18,False,WSH
2024020049,False,WSH,26,22,2,4,18,24,False,VGK
2024020050,True,NJD,31,26,4,2,24,27,False,CAR
2024020050,False,CAR,26,31,2,4,27,24,True,NJD
2024020051,False,CBJ,22,38,4,3,35,18,True,FLA
2024020051,True,FLA,38,22,3,4,18,35,False,CBJ
2024020052,True,MIN,28,27,1,4,23,27,False,STL
2024020052,False,STL,27,28,4,1,27,23,False,MIN
2024020053,True,SEA,33,35,3,7,28,30,False,NSH
2024020053,False,NSH,35,33,7,3,30,28,False,SEA
2024020054,False,DAL,27,38,2,3,36,25,False,SJS
2024020054,True,SJS,38,27,3,2,25,36,False,DAL
2024020055,False,CGY,32,27,1,3,24,31,False,CHI
2024020055,True,CHI,27,32,3,1,31,24,False,CGY
2024020056,False,EDM,30,31,3,4,27,27,False,PHI
2024020056,True,PHI,31,30,4,3,27,27,False,EDM
2024020057,True,BUF,43,33,6,5,28,37,False,PIT
2024020057,False,PIT,33,43,5,6,37,28,False,BUF
2024020058,False,TOR,34,26,2,6,20,32,False,LAK
2024020058,True,LAK,26,34,6,2,32,20,False,TOR
2024020059,True,BOS,25,26,3,5,21,22,False,COL
2024020059,False,COL,26,25,5,3,22,21,False,BOS
2024020060,False,ANA,30,34,4,5,29,26,False,UTA
2024020060,True,UTA,34,30,5,4,26,29,False,ANA
2024020061,False,MTL,32,27,4,1,26,28,True,LAK
2024020061,True,LAK,27,32,1,4,28,26,False,MTL
2024020062,True,NJD,31,35,1,3,32,30,False,OTT
2024020062,False,OTT,35,31,3,1,30,32,False,NJD
2024020063,False,DET,34,31,5,2,29,29,False,NYR
2024020063,True,NYR,31,34,2,5,29,29,False,DET
2024020064,False,TBL,25,25,3,4,21,22,False,VGK
2024020064,True,VGK,25,25,4,3,22,21,False,TBL
2024020065,False,FLA,33,28,3,2,26,30,False,VAN
2024020065,True,VAN,28,33,2,3,30,26,False,FLA
2024020066,True,DAL,26,24,3,2,22,23,False,WSH
2024020066,False,WSH,24,26,2,3,23,22,False,DAL
2024020067,True,BUF,25,24,6,4,20,19,False,CBJ
2024020067,False,CBJ,24,25,4,6,19,20,True,BUF
2024020068,False,STL,34,30,0,1,29,34,False,NYI
2024020068,True,NYI,30,34,1,0,34,29,False,STL
2024020069,False,NSH,36,27,4,2,25,32,False,EDM
2024020069,True,EDM,27,36,2,4,32,25,False,NSH
2024020070,False,CHI,22,27,2,4,23,20,False,SJS
2024020070,True,SJS,27,22,4,2,20,23,False,CHI
2024020071,True,PHI,29,25,6,4,21,23,False,SEA
2024020071,False,SEA,25,29,4,6,23,21,False,PHI
2024020072,True,CAR,26,38,1,4,34,25,False,PIT
2024020072,False,PIT,38,26,4,1,25,34,False,CAR
2024020073,True,SJS,36,22,8,3,19,28,False,WPG
2024020073,False,WPG,22,36,3,8,28,19,True,SJS
2024020074,False,COL,19,49,3,4,45,16,False,ANA
2024020074,True,ANA,49,19,4,3,16,45,False,COL
2024020075,False,OTT,29,28,4,5,23,25,False,TBL
2024020075,True,TBL,28,29,5,4,25,23,False,OTT
2024020076,True,DET,39,24,2,5,19,37,False,NSH
2024020076,False,NSH,24,39,5,2,37,19,False,DET
2024020077,False,DAL,31,24,1,4,20,30,False,EDM
2024020077,True,EDM,24,31,4,1,30,20,False,DAL
2024020078,True,VGK,49,26,4,3,23,45,False,FLA
2024020078,False,FLA,26,49,3,4,45,23,False,VGK
2024020079,True,NYR,35,29,1,4,25,34,False,TOR
2024020079,False,TOR,29,35,4,1,34,25,False,NYR
2024020080,False,NJD,37,31,6,5,26,31,False,WSH
2024020080,True,WSH,31,37,5,6,31,26,False,NJD
2024020081,True,MTL,36,24,4,3,21,33,False,NYI
2024020081,False,NYI,24,36,3,4,33,21,False,MTL
2024020082,False,PHI,32,26,3,0,26,29,False,VAN
2024020082,True,VAN,26,32,0,3,29,26,False,PHI
2024020083,True,MIN,24,34,1,3,31,23,False,CBJ
2024020083,False,CBJ,34,24,3,1,23,31,False,MIN
2024020084,True,CAR,19,40,4,3,37,15,False,STL
2024020084,False,STL,40,19,3,4,15,37,True,CAR
2024020085,False,CHI,22,37,4,2,35,18,False,BUF
2024020085,True,BUF,37,22,2,4,18,35,False,CHI
2024020086,True,BOS,32,22,2,1,21,30,False,UTA
2024020086,False,UTA,22,32,1,2,30,21,False,BOS
2024020087,False,SEA,22,23,1,2,21,21,False,CGY
2024020087,True,CGY,23,22,2,1,21,21,False,SEA
2024020088,False,WPG,42,37,3,6,31,39,False,PIT
2024020088,True,PIT,37,42,6,3,39,31,False,WPG
2024020089,True,COL,26,22,1,4,18,25,False,SJS
2024020089,False,SJS,22,26,4,1,25,18,False,COL
2024020090,False,ANA,36,14,4,1,13,32,False,LAK
2024020090,True,LAK,14,36,1,4,32,13,False,ANA
2024020091,False,TOR,34,29,2,5,24,32,False,TBL
2024020091,True,TBL,29,34,5,2,32,24,False,TOR
2024020092,False,PHI,29,18,4,1,17,25,False,WSH
2024020092,True,WSH,18,29,1,4,25,17,False,PHI
2024020093,True,MIN,25,22,1,5,17,24,False,FLA
2024020093,False,FLA,22,25,5,1,24,17,False,MIN
2024020094,True,TBL,35,37,5,8,29,30,False,NJD
2024020094,False,NJD,37,35,8,5,30,29,True,TBL
2024020095,True,DAL,25,30,4,2,28,21,False,BUF
2024020095,False,BUF,30,25,2,4,21,28,False,DAL
2024020096,False,MTL,45,23,7,2,21,38,False,NYR
2024020096,True,NYR,23,45,2,7,38,21,False,MTL
2024020097,True,TOR,38,28,6,2,26,32,False,CBJ
2024020097,False,CBJ,28,38,2,6,32,26,True,TOR
2024020098,True,DET,30,11,0,1,10,30,False,NYI
2024020098,False,NYI,11,30,1,0,30,10,False,DET
2024020099,True,WPG,29,24,2,3,21,27,False,STL
2024020099,False,STL,24,29,3,2,27,21,False,WPG
2024020100,True,VAN,34,30,3,6,24,31,False,CHI
2024020100,False,CHI,30,34,6,3,31,24,False,VAN
2024020101,True,BOS,42,33,4,0,33,38,False,NSH
2024020101,False,NSH,33,42,0,4,38,33,False,BOS
2024020102,False,CGY,38,25,3,4,22,35,False,PIT
2024020102,True,PIT,25,38,4,3,35,22,False,CGY
2024020103,True,CAR,35,33,2,3,30,33,False,EDM
2024020103,False,EDM,33,35,3,2,33,30,False,CAR
2024020104,True,OTT,31,22,0,4,18,31,False,UTA
2024020104,False,UTA,22,31,4,0,31,18,False,OTT
2024020105,True,SJS,40,28,3,1,27,37,False,ANA
2024020105,False,ANA,28,40,1,3,37,27,False,SJS
2024020106,False,SEA,28,27,3,2,25,25,False,COL
2024020106,True,COL,27,28,2,3,25,25,False,SEA
2024020107,False,VGK,35,30,1,6,24,34,False,LAK
2024020107,True,LAK,30,35,6,1,34,24,False,VGK
2024020108,True,PHI,25,29,6,3,26,19,True,WSH
2024020108,False,WSH,29,25,3,6,19,26,True,PHI
2024020109,True,DAL,27,32,2,5,27,25,False,BOS
2024020109,False,BOS,32,27,5,2,25,27,False,DAL
2024020110,False,TOR,27,41,5,1,40,22,False,STL
2024020110,True,STL,41,27,1,5,22,40,False,TOR
2024020111,False,DET,40,20,3,5,15,37,False,NJD
2024020111,True,NJD,20,40,5,3,37,15,False,DET
2024020112,False,TBL,18,26,4,2,24,14,False,MIN
2024020112,True,MIN,26,18,2,4,14,24,False,TBL
2024020113,True,FLA,25,29,1,3,26,24,False,NYR
2024020113,False,NYR,29,25,3,1,24,26,False,FLA
2024020114,True,CAR,32,43,2,4,39,30,False,CGY
2024020114,False,CGY,43,32,4,2,30,39,False,CAR
2024020115,True,COL,26,26,1,5,21,25,False,UTA
2024020115,False,UTA,26,26,5,1,25,21,False,COL
2024020116,False,SEA,36,32,4,3,29,32,False,WPG
2024020116,True,WPG,32,36,3,4,32,29,False,SEA
2024020117,True,SJS,30,26,3,2,24,27,False,LAK
2024020117,False,LAK,26,30,2,3,27,24,False,SJS
2024020118,False,VGK,39,28,4,6,22,35,False,OTT
2024020118,True,OTT,28,39,6,4,35,22,False,VGK
2024020119,False,NJD,30,36,4,3,33,26,False,NYI
2024020119,True,NYI,36,30,3,4,26,33,True,NJD
2024020120,False,CHI,34,29,3,2,27,31,False,NSH
2024020120,True,NSH,29,34,2,3,31,27,False,CHI
2024020121,False,EDM,27,50,0,4,46,27,False,PIT
2024020121,True,PIT,50,27,4,0,27,46,False,EDM
2024020122,True,DET,39,25,5,3,22,34,False,BUF
2024020122,False,BUF,25,39,3,5,34,22,False,DET
2024020123,True,MIN,23,26,7,5,21,16,False,PHI
2024020123,False,PHI,26,23,5,7,16,21,False,MIN
2024020124,True,UTA,23,26,3,2,24,20,False,LAK
2024020124,False,LAK,26,23,2,3,20,24,False,UTA
2024020125,False,BOS,23,34,3,4,30,20,False,TOR
2024020125,True,TOR,34,23,4,3,20,30,False,BOS
2024020126,True,STL,26,31,5,2,29,21,False,MTL
2024020126,False,MTL,31,26,2,5,21,29,False,STL
2024020127,True,WSH,21,32,3,0,32,18,False,TBL
2024020127,False,TBL,32,21,0,3,18,32,False,WSH
2024020128,True,ANA,32,33,2,1,32,30,False,NYR
2024020128,False,NYR,33,32,1,2,30,32,False,ANA
2024020129,True,WPG,29,35,3,5,30,26,False,CGY
2024020129,False,CGY,35,29,5,3,26,30,False,WPG
2024020130,True,FLA,28,29,3,6,23,25,True,NYI
2024020130,False,NYI,29,28,6,3,25,23,False,FLA
2024020131,False,NSH,28,33,3,4,29,25,False,CBJ
2024020131,True,CBJ,33,28,4,3,25,29,True,NSH
2024020132,False,DAL,24,30,2,4,26,22,True,CHI
2024020132,True,CHI,30,24,4,2,22,26,False,DAL
2024020133,False,VAN,24,34,3,4,30,21,True,PIT
2024020133,True,PIT,34,24,4,3,21,30,False,VAN
2024020134,True,SJS,42,26,7,3,23,35,True,VGK
2024020134,False,VGK,26,42,3,7,35,23,False,SJS
2024020135,True,CAR,19,39,1,4,35,18,False,SEA
2024020135,False,SEA,39,19,4,1,18,35,False,CAR
2024020136,False,DET,34,26,3,2,24,31,False,EDM
2024020136,True,EDM,26,34,2,3,31,24,True,DET
2024020137,False,NJD,26,34,2,6,28,24,True,ANA
2024020137,True,ANA,34,26,6,2,24,28,False,NJD
2024020138,True,MTL,26,24,3,4,20,23,True,PHI
2024020138,False,PHI,24,26,4,3,23,20,True,MTL
2024020139,True,OTT,32,30,5,4,26,27,False,COL
2024020139,False,COL,30,32,4,5,27,26,False,OTT
2024020140,True,FLA,28,31,2,5,26,26,False,BUF
2024020140,False,BUF,31,28,5,2,26,26,False,FLA
2024020141,True,NSH,27,37,3,2,35,24,False,TBL
2024020141,False,TBL,37,27,2,3,24,35,False,NSH
2024020142,True,EDM,25,32,6,1,31,19,False,CBJ
2024020142,False,CBJ,32,25,1,6,19,31,True,EDM
2024020143,True,TOR,23,36,4,6,30,19,False,WPG
2024020143,False,WPG,36,23,6,4,19,30,False,TOR
2024020144,True,CHI,26,26,2,5,21,24,True,COL
2024020144,False,COL,26,26,5,2,24,21,False,CHI
2024020145,True,SJS,23,46,4,5,41,19,False,UTA
2024020145,False,UTA,46,23,5,4,19,41,False,SJS
2024020146,False,VAN,32,27,4,3,24,28,False,CAR
2024020146,True,CAR,27,32,3,4,28,24,False,VAN
2024020147,True,CGY,38,16,5,0,16,33,False,VGK
2024020147,False,VGK,16,38,0,5,33,16,False,CGY
2024020148,True,PHI,25,19,0,2,17,25,False,BOS
2024020148,False,BOS,19,25,2,0,25,17,False,PHI
2024020149,False,MTL,23,30,8,2,28,15,False,SEA
2024020149,True,SEA,30,23,2,8,15,28,False,MTL
2024020150,False,OTT,27,35,1,8,27,26,False,STL
2024020150,True,STL,35,27,8,1,26,27,False,OTT
2024020151,True,NYR,46,19,5,3,16,41,False,WSH
2024020151,False,WSH,19,46,3,5,41,16,False,NYR
2024020152,True,ANA,41,22,1,3,19,40,False,NYI
2024020152,False,NYI,22,41,3,1,40,19,False,ANA
2024020153,True,MIN,29,40,3,5,35,26,False,PIT
2024020153,False,PIT,40,29,5,3,26,35,False,MIN
2024020154,False,SJS,28,21,2,4,17,26,False,LAK
2024020154,True,LAK,21,28,4,2,26,17,True,SJS
2024020155,False,CBJ,26,26,0,2,24,26,True,NYI
2024020155,True,NYI,26,26,2,0,26,24,False,CBJ
2024020156,True,WPG,21,29,2,6,23,19,False,DET
2024020156,False,DET,29,21,6,2,19,23,False,WPG
2024020157,False,COL,21,35,5,2,33,16,False,TBL
2024020157,True,TBL,35,21,2,5,16,33,False,COL
2024020158,True,CGY,28,31,5,1,30,23,False,UTA
2024020158,False,UTA,31,28,1,5,23,30,False,CGY
2024020159,True,NJD,20,22,0,6,16,20,False,VAN
2024020159,False,VAN,22,20,6,0,20,16,False,NJD
2024020160,True,VGK,27,26,6,3,23,21,True,LAK
2024020160,False,LAK,26,27,3,6,21,23,False,VGK
2024020161,True,SEA,30,25,4,1,24,26,False,TOR
2024020161,False,TOR,25,30,1,4,26,24,False,SEA
2024020162,False,PHI,21,21,1,2,19,20,False,STL
2024020162,True,STL,21,21,2,1,20,19,False,PHI
2024020163,False,PIT,23,45,1,2,43,22,False,ANA
2024020163,True,ANA,45,23,2,1,22,43,False,PIT
2024020164,True,MTL,34,15,6,3,12,28,False,WSH
2024020164,False,WSH,15,34,3,6,28,12,False,MTL
2024020165,False,CAR,15,37,2,8,29,13,False,BOS
2024020165,True,BOS,37,15,8,2,13,29,False,CAR
2024020166,True,EDM,27,29,1,5,24,26,False,NSH
2024020166,False,NSH,29,27,5,1,26,24,False,EDM
2024020167,True,CHI,29,29,3,2,27,26,False,SJS
2024020167,False,SJS,29,29,2,3,26,27,False,CHI
2024020168,True,FLA,36,28,4,6,22,32,False,DAL
2024020168,False,DAL,28,36,6,4,32,22,False,FLA
2024020169,False,BUF,36,35,4,3,32,32,False,NYI
2024020169,True,NYI,35,36,3,4,32,32,False,BUF
2024020170,False,NYR,41,18,1,2,16,40,False,OTT
2024020170,True,OTT,18,41,2,1,40,16,False,NYR
2024020171,False,CBJ,44,22,6,2,20,38,False,WPG
2024020171,True,WPG,22,44,2,6,38,20,False,CBJ
2024020172,True,TBL,22,30,5,3,27,17,False,MIN
2024020172,False,MIN,30,22,3,5,17,27,False,TBL
2024020173,False,CGY,22,32,0,3,29,22,False,NJD
2024020173,True,NJD,32,22,3,0,22,29,False,CGY
2024020174,True,DAL,25,25,4,2,23,21,True,FLA
2024020174,False,FLA,25,25,2,4,21,23,True,DAL
2024020175,True,BOS,20,31,0,3,28,20,False,PHI
2024020175,False,PHI,31,20,3,0,20,28,False,BOS
2024020176,True,CHI,40,21,3,4,18,37,False,LAK
2024020176,False,LAK,21,40,4,3,37,18,False,CHI
2024020177,True,CBJ,22,36,7,2,34,15,False,WSH
2024020177,False,WSH,36,22,2,7,15,34,True,CBJ
2024020178,True,SEA,23,22,3,0,22,20,True,OTT
2024020178,False,OTT,22,23,0,3,20,22,False,SEA
2024020179,True,BUF,23,32,2,1,31,21,False,DET
2024020179,False,DET,32,23,1,2,21,31,True,BUF
2024020180,False,PIT,26,24,1,3,21,25,False,MTL
2024020180,True,MTL,24,26,3,1,25,21,False,PIT
2024020181,False,STL,37,24,2,4,20,35,False,TOR
2024020181,True,TOR,24,37,4,2,35,20,False,STL
2024020182,False,NSH,31,26,2,5,21,29,False,COL
2024020182,True,COL,26,31,5,2,29,21,False,NSH
2024020183,False,VGK,19,35,3,4,31,16,False,UTA
2024020183,True,UTA,35,19,4,3,16,31,False,VGK
2024020184,False,SJS,28,23,3,2,21,25,False,VAN
2024020184,True,VAN,23,28,2,3,25,21,False,SJS
2024020185,True,NYI,40,37,5,2,35,35,False,NYR
2024020185,False,NYR,37,40,2,5,35,35,False,NYI
2024020186,True,TBL,34,30,7,4,26,27,False,WPG
2024020186,False,WPG,30,34,4,7,27,26,False,TBL
2024020187,True,SEA,33,23,2,0,23,31,True,BOS
2024020187,False,BOS,23,33,0,2,31,23,True,SEA
2024020188,True,WSH,45,21,4,2,19,41,False,CAR
2024020188,False,CAR,21,45,2,4,41,19,True,WSH
2024020189,True,TOR,33,28,2,1,27,31,False,MIN
2024020189,False,MIN,28,33,1,2,31,27,True,TOR
2024020190,False,CGY,31,31,4,2,29,27,False,EDM
2024020190,True,EDM,31,31,2,4,27,29,False,CGY
2024020191,False,ANA,29,40,4,2,38,25,True,CHI
2024020191,True,CHI,40,29,2,4,25,38,False,ANA
2024020192,True,LAK,16,27,0,3,24,16,False,NSH
2024020192,False,NSH,27,16,3,0,16,24,False,LAK
2024020193,True,NJD,31,16,0,3,13,31,True,EDM
2024020193,False,EDM,16,31,3,0,31,13,False,NJD
2024020194,True,OTT,34,38,5,1,37,29,False,BUF
2024020194,False,BUF,38,34,1,5,29,37,False,OTT
2024020195,True,BOS,27,29,4,0,29,23,False,TOR
2024020195,False,TOR,29,27,0,4,23,29,False,BOS
2024020196,True,CGY,24,35,2,3,32,22,False,MTL
2024020196,False,MTL,35,24,3,2,22,32,False,CGY
2024020197,False,CAR,16,35,4,6,29,12,False,PHI
2024020197,True,PHI,35,16,6,4,12,29,False,CAR
2024020198,True,PIT,26,35,4,3,32,23,False,NYI
2024020198,False,NYI,35,26,3,4,23,32,False,PIT
2024020199,True,TBL,23,23,3,2,21,20,False,STL
2024020199,False,STL,23,23,2,3,20,21,False,TBL
2024020200,False,MIN,28,24,5,1,23,23,True,LAK
2024020200,True,LAK,24,28,1,5,23,23,False,MIN
2024020201,False,WPG,21,28,0,3,25,21,False,UTA
2024020201,True,UTA,28,21,3,0,21,25,False,WPG
2024020202,True,SEA,32,20,6,3,17,26,False,COL
2024020202,False,COL,20,32,3,6,26,17,False,SEA
2024020203,True,VAN,22,37,1,5,32,21,False,ANA
2024020203,False,ANA,37,22,5,1,21,32,False,VAN
2024020204,False,SJS,50,27,1,2,25,49,False,CBJ
2024020204,True,CBJ,27,50,2,1,49,25,False,SJS
2024020205,True,NSH,36,35,3,2,33,33,False,WSH
2024020205,False,WSH,35,36,2,3,33,33,False,NSH
2024020206,False,CHI,25,29,4,1,28,21,False,DET
2024020206,True,DET,29,25,1,4,21,28,False,CHI
2024020207,True,VGK,29,35,2,4,31,27,False,EDM
2024020207,False,EDM,35,29,4,2,27,31,False,VGK
2024020208,False,BOS,37,38,3,4,34,34,False,CGY
2024020208,True,CGY,38,37,4,3,34,34,False,BOS
2024020209,False,OTT,25,30,4,2,28,21,False,NYI
2024020209,True,NYI,30,25,2,4,21,28,False,OTT
2024020210,True,PHI,23,31,1,2,30,22,False,TBL
2024020210,False,TBL,31,23,2,1,22,30,False,PHI
2024020211,True,NSH,34,18,6,2,16,28,False,FLA
2024020211,False,FLA,18,34,2,6,28,16,True,NSH
2024020212,False,NJD,24,27,3,5,22,21,False,MTL
2024020212,True,MTL,27,24,5,3,21,22,False,NJD
2024020213,False,NYR,22,26,6,1,25,16,False,BUF
2024020213,True,BUF,26,22,1,6,16,25,False,NYR
2024020214,False,CAR,36,18,1,5,13,35,False,PIT
2024020214,True,PIT,18,36,5,1,35,13,False,CAR
2024020215,True,UTA,15,31,2,4,27,13,False,STL
2024020215,False,STL,31,15,4,2,13,27,False,UTA
2024020216,False,DAL,26,40,1,3,37,25,True,CHI
2024020216,True,CHI,40,26,3,1,25,37,False,DAL
2024020217,True,COL,28,35,1,0,35,27,False,WPG
2024020217,False,WPG,35,28,0,1,27,35,False,COL
2024020218,False,LAK,23,28,4,2,26,20,False,VAN
2024020218,True,VAN,28,23,2,4,20,26,False,LAK
2024020219,True,MIN,26,31,2,5,26,24,False,SJS
2024020219,False,SJS,31,26,5,2,24,26,False,MIN
2024020220,False,TOR,22,20,1,3,17,21,False,DET
2024020220,True,DET,20,22,3,1,21,17,False,TOR
2024020221,False,WSH,32,34,4,2,32,28,True,PIT
2024020221,True,PIT,34,32,2,4,28,32,False,WSH
2024020222,True,MIN,35,31,2,5,26,33,False,ANA
2024020222,False,ANA,31,35,5,2,33,26,True,MIN
2024020223,False,SEA,24,32,3,4,28,21,False,VGK
2024020223,True,VGK,32,24,4,3,21,28,False,SEA
2024020224,False,BUF,26,19,2,3,17,24,False,CGY
2024020224,True,CGY,19,26,3,2,24,17,False,BUF
2024020225,True,PHI,31,37,4,3,34,28,False,FLA
2024020225,False,FLA,37,31,3,4,28,34,False,PHI
2024020226,True,OTT,16,34,2,3,31,14,False,BOS
2024020226,False,BOS,34,16,3,2,14,31,False,OTT
2024020227,False,TOR,21,27,1,4,23,20,False,MTL
2024020227,True,MTL,27,21,4,1,20,23,True,TOR
2024020228,True,NYR,37,24,0,4,20,37,True,DET
2024020228,False,DET,24,37,4,0,37,20,False,NYR
2024020229,True,WSH,25,27,1,8,19,24,False,STL
2024020229,False,STL,27,25,8,1,24,19,True,WSH
2024020230,True,DAL,25,33,4,1,32,21,False,WPG
2024020230,False,WPG,33,25,1,4,21,32,False,DAL
2024020231,False,NYI,33,22,4,3,19,29,False,NJD
2024020231,True,NJD,22,33,3,4,29,19,False,NYI
2024020232,False,NSH,27,21,0,4,17,27,False,UTA
2024020232,True,UTA,21,27,4,0,27,17,False,NSH
2024020233,False,COL,31,29,4,6,23,27,False,CAR
2024020233,True,CAR,29,31,6,4,27,23,False,COL
2024020234,False,LAK,26,23,2,5,18,24,False,CBJ
2024020234,True,CBJ,23,26,5,2,24,18,False,LAK
2024020235,False,VAN,31,20,7,3,17,24,False,EDM
2024020235,True,EDM,20,31,3,7,24,17,False,VAN
2024020236,False,NJD,27,44,1,0,44,26,False,SJS
2024020236,True,SJS,44,27,0,1,26,44,True,NJD
2024020237,False,CHI,33,22,1,2,20,32,False,MIN
2024020237,True,MIN,22,33,2,1,32,20,False,CHI
2024020238,True,CBJ,30,40,4,2,38,26,False,ANA
2024020238,False,ANA,40,30,2,4,26,38,True,CBJ
2024020239,False,BUF,23,18,7,5,13,16,False,MTL
2024020239,True,MTL,18,23,5,7,16,13,False,BUF
2024020240,False,PHI,31,43,3,4,40,28,True,SJS
2024020240,True,SJS,43,31,4,3,28,40,False,PHI
2024020241,True,DAL,21,40,1,7,33,20,False,PIT
2024020241,False,PIT,40,21,7,1,20,33,False,DAL
2024020242,False,CGY,29,28,1,3,25,28,False,LAK
2024020242,True,LAK,28,29,3,1,28,25,False,CGY
2024020243,True,NSH,32,30,3,2,28,29,False,COL
2024020243,False,COL,30,32,2,3,29,28,False,NSH
2024020244,False,VGK,34,32,5,2,30,29,False,CAR
2024020244,True,CAR,32,34,2,5,29,30,False,VGK
2024020245,False,TOR,41,27,3,0,27,38,False,OTT
2024020245,True,OTT,27,41,0,3,38,27,False,TOR
2024020246,False,FLA,24,35,4,1,34,20,False,NJD
2024020246,True,NJD,35,24,1,4,20,34,False,FLA
2024020247,False,NYR,33,36,6,3,33,27,False,WPG
2024020247,True,WPG,36,33,3,6,27,33,False,NYR
2024020248,True,BOS,22,30,2,3,27,20,False,STL
2024020248,False,STL,30,22,3,2,20,27,False,BOS
2024020249,False,EDM,22,42,3,4,38,19,False,NYI
2024020249,True,NYI,42,22,4,3,19,38,False,EDM
2024020250,False,VAN,29,32,1,3,29,28,True,CGY
2024020250,True,CGY,32,29,3,1,28,29,False,VAN
2024020251,False,SEA,40,33,2,5,28,38,False,CBJ
2024020251,True,CBJ,33,40,5,2,38,28,False,SEA
2024020252,True,DET,33,31,2,3,28,31,False,PIT
2024020252,False,PIT,31,33,3,2,31,28,False,DET
2024020253,False,WSH,34,27,4,3,24,30,True,TOR
2024020253,True,TOR,27,34,3,4,30,24,False,WSH
2024020254,True,CAR,21,50,4,1,49,17,False,UTA
2024020254,False,UTA,50,21,1,4,17,49,False,CAR
2024020255,True,LAK,26,15,4,2,13,22,False,COL
2024020255,False,COL,15,26,2,4,22,13,False,LAK
2024020256,False,ANA,39,24,3,2,22,36,False,VGK
2024020256,True,VGK,24,39,2,3,36,22,False,ANA
2024020257,True,STL,33,27,4,3,24,29,False,BUF
2024020257,False,BUF,27,33,3,4,29,24,False,STL
2024020258,False,OTT,19,37,5,4,33,14,False,PHI
2024020258,True,PHI,37,19,4,5,14,33,False,OTT
2024020259,True,WPG,29,24,4,1,23,25,False,TBL
2024020259,False,TBL,24,29,1,4,25,23,False,WPG
2024020260,False,FLA,29,27,6,2,25,23,False,NJD
2024020260,True,NJD,27,29,2,6,23,25,False,FLA
2024020261,True,SJS,35,27,3,2,25,32,False,NYR
2024020261,False,NYR,27,35,2,3,32,25,False,SJS
2024020262,True,BOS,38,25,7,2,23,31,False,DAL
2024020262,False,DAL,25,38,2,7,31,23,False,BOS
2024020263,True,MTL,28,19,3,0,19,25,False,MIN
2024020263,False,MIN,19,28,0,3,25,19,False,MTL
2024020264,True,NSH,34,22,3,2,20,31,False,EDM
2024020264,False,EDM,22,34,2,3,31,20,False,NSH
2024020265,False,VAN,32,26,5,2,24,27,False,NYI
2024020265,True,NYI,26,32,2,5,27,24,False,VAN
2024020266,False,SEA,19,26,1,3,23,18,False,CHI
2024020266,True,CHI,26,19,3,1,18,23,False,SEA
2024020267,True,PIT,39,23,6,2,21,33,False,CBJ
2024020267,False,CBJ,23,39,2,6,33,21,False,PIT
2024020268,True,WSH,19,20,2,5,15,17,False,COL
2024020268,False,COL,20,19,5,2,17,15,False,WSH
2024020269,True,NSH,33,29,2,0,29,31,False,CGY
2024020269,False,CGY,29,33,0,2,31,29,True,NSH
2024020270,False,UTA,29,32,4,2,30,25,False,VGK
2024020270,True,VGK,32,29,2,4,25,30,False,UTA
2024020271,False,ANA,25,29,4,6,23,21,False,DET
2024020271,True,DET,29,25,6,4,21,23,False,ANA
2024020272,False,BOS,31,18,3,2,16,28,False,STL
2024020272,True,STL,18,31,2,3,28,16,False,BOS
2024020273,False,SEA,24,27,2,3,24,22,False,NYI
2024020273,True,NYI,27,24,3,2,22,24,False,SEA
2024020274,True,EDM,22,30,4,3,27,18,False,TOR
2024020274,False,TOR,30,22,3,4,18,27,False,EDM
2024020275,False,MTL,26,30,1,5,25,25,True,CBJ
2024020275,True,CBJ,30,26,5,1,25,25,False,MTL
2024020276,True,NJD,26,29,4,0,29,23,False,TBL
2024020276,False,TBL,29,26,0,4,23,29,False,NJD
2024020277,True,WPG,31,27,5,0,27,26,False,FLA
2024020277,False,FLA,27,31,0,5,26,27,False,WPG
2024020278,False,PHI,25,32,2,5,27,23,False,BUF
2024020278,True,BUF,32,25,5,2,23,27,False,PHI
2024020279,True,SJS,36,29,4,3,26,33,True,PIT
2024020279,False,PIT,29,36,3,4,33,26,False,SJS
2024020280,False,CAR,24,28,0,4,24,24,False,OTT
2024020280,True,OTT,28,24,4,0,24,24,False,CAR
2024020281,False,MIN,40,23,2,1,22,38,False,DAL
2024020281,True,DAL,23,40,1,2,38,22,False,MIN
2024020282,True,DET,41,18,4,1,17,37,False,LAK
2024020282,False,LAK,18,41,1,4,37,17,True,DET
2024020283,True,CHI,33,29,4,1,28,29,False,VAN
2024020283,False,VAN,29,33,1,4,29,28,False,CHI
2024020284,False,CAR,30,24,1,4,20,29,True,STL
2024020284,True,STL,24,30,4,1,29,20,True,CAR
2024020285,False,VAN,22,27,5,3,24,17,False,NSH
2024020285,True,NSH,27,22,3,5,17,24,True,VAN
2024020286,False,VGK,25,42,5,2,40,20,False,WSH
2024020286,True,WSH,42,25,2,5,20,40,False,VGK
2024020287,False,SEA,23,24,2,0,24,21,False,NYR
2024020287,True,NYR,24,23,0,2,21,24,True,SEA
2024020288,True,CBJ,29,28,1,5,23,28,False,BOS
2024020288,False,BOS,28,29,5,1,28,23,False,CBJ
2024020289,False,PHI,29,26,3,2,24,26,False,COL
2024020289,True,COL,26,29,2,3,26,24,False,PHI
2024020290,True,EDM,25,30,3,0,30,22,False,MTL
2024020290,False,MTL,30,25,0,3,22,30,False,EDM
2024020291,True,ANA,36,27,2,4,23,34,False,DAL
2024020291,False,DAL,27,36,4,2,34,23,False,ANA
2024020292,False,UTA,24,26,6,2,24,18,True,WSH
2024020292,True,WSH,26,24,2,6,18,24,False,UTA
2024020293,True,DET,34,20,5,4,17,29,False,SJS
2024020293,False,SJS,20,34,4,5,29,17,False,DET
2024020294,False,OTT,31,29,5,2,27,26,True,EDM
2024020294,True,EDM,29,31,2,5,26,27,False,OTT
2024020295,True,TBL,19,35,2,3,32,17,False,PIT
2024020295,False,PIT,35,19,3,2,17,32,False,TBL
2024020296,True,MIN,24,28,2,4,24,22,False,STL
2024020296,False,STL,28,24,4,2,22,24,False,MIN
2024020297,True,FLA,27,23,6,3,20,21,False,WPG
2024020297,False,WPG,23,27,3,6,21,20,False,FLA
2024020298,True,ANA,20,24,2,3,21,18,False,CHI
2024020298,False,CHI,24,20,3,2,18,21,True,ANA
2024020299,False,CGY,29,31,1,2,30,28,False,NYI
2024020299,True,NYI,31,29,2,1,28,30,False,CGY
2024020300,True,NYR,24,33,3,4,29,21,False,VAN
2024020300,False,VAN,33,24,4,3,21,29,False,NYR
2024020301,True,VGK,26,31,3,0,31,23,False,TOR
2024020301,False,TOR,31,26,0,3,23,31,False,VGK
2024020302,True,CAR,19,37,1,4,33,18,False,PHI
2024020302,False,PHI,37,19,4,1,18,33,False,CAR
2024020303,False,DAL,23,31,2,5,26,21,False,SJS
2024020303,True,SJS,31,23,5,2,21,26,False,DAL
2024020304,True,NSH,37,24,3,0,24,34,False,SEA
2024020304,False,SEA,24,37,0,3,34,24,False,NSH
2024020305,True,BUF,23,19,0,1,18,23,False,LAK
2024020305,False,LAK,19,23,1,0,23,18,False,BUF
2024020306,True,UTA,31,22,1,0,22,30,False,BOS
2024020306,False,BOS,22,31,0,1,30,22,False,UTA
2024020307,True,VGK,40,32,2,3,29,38,False,OTT
2024020307,False,OTT,32,40,3,2,38,29,True,VGK
2024020308,False,DET,23,31,1,2,29,22,False,NYI
2024020308,True,NYI,31,23,2,1,22,29,False,DET
2024020309,True,CAR,21,22,4,2,20,17,False,NJD
2024020309,False,NJD,22,21,2,4,17,20,True,CAR
2024020310,True,COL,29,27,1,2,25,28,False,WSH
2024020310,False,WSH,27,29,2,1,28,25,False,COL
2024020311,False,CBJ,30,43,6,7,36,24,False,TBL
2024020311,True,TBL,43,30,7,6,24,36,False,CBJ
2024020312,False,STL,24,31,2,3,29,22,True,SJS
2024020312,True,SJS,31,24,3,2,22,29,False,STL
2024020313,True,FLA,20,33,3,1,32,17,False,CHI
2024020313,False,CHI,33,20,1,3,17,32,False,FLA
2024020314,False,CGY,29,49,2,3,46,27,False,NYR
2024020314,True,NYR,49,29,3,2,27,46,False,CGY
2024020315,True,MIN,31,26,3,5,21,28,False,EDM
2024020315,False,EDM,26,31,5,3,28,21,False,MIN
2024020316,True,WPG,18,30,1,4,26,17,False,PIT
2024020316,False,PIT,30,18,4,1,17,26,False,WPG
2024020317,True,BUF,24,32,2,3,30,22,False,ANA
2024020317,False,ANA,32,24,3,2,22,30,False,BUF
2024020318,True,CHI,37,21,3,2,19,34,False,PHI
2024020318,False,PHI,21,37,2,3,34,19,False,CHI
2024020319,True,MIN,31,23,4,3,20,28,False,CGY
2024020319,False,CGY,23,31,3,4,28,20,False,MIN
2024020320,True,SEA,21,20,2,1,19,19,False,LAK
2024020320,False,LAK,20,21,1,2,19,19,False,SEA
2024020321,True,COL,31,25,4,7,18,27,False,FLA
2024020321,False,FLA,25,31,7,4,27,18,False,COL
2024020322,False,MTL,28,17,6,2,15,22,False,VGK
2024020322,True,VGK,17,28,2,6,22,15,False,MTL
2024020323,False,OTT,21,29,4,3,26,17,False,VAN
2024020323,True,VAN,29,21,3,4,17,26,False,OTT
2024020324,False,DET,29,20,2,1,19,27,False,BOS
2024020324,True,BOS,20,29,1,2,27,19,False,DET
2024020325,False,TBL,28,29,4,2,27,24,False,DAL
2024020325,True,DAL,29,28,2,4,24,27,False,TBL
2024020326,True,UTA,28,30,1,6,24,27,True,PIT
2024020326,False,PIT,30,28,6,1,27,24,False,UTA
2024020327,True,NJD,25,33,2,3,30,24,False,WSH
2024020327,False,WSH,33,25,3,2,24,30,False,NJD
2024020328,False,CBJ,36,32,4,5,28,32,False,CAR
2024020328,True,CAR,32,36,5,4,32,28,False,CBJ
2024020329,True,WPG,36,24,4,1,23,32,False,NSH
2024020329,False,NSH,24,36,1,4,32,23,True,WPG
2024020330,True,STL,31,25,3,1,24,28,False,NYI
2024020330,False,NYI,25,31,1,3,28,24,False,STL
2024020331,False,SJS,31,33,4,2,31,27,True,BUF
2024020331,True,BUF,33,31,2,4,27,31,False,SJS
2024020332,False,EDM,34,40,2,6,34,32,False,NYR
2024020332,True,NYR,40,34,6,2,32,34,False,EDM
2024020333,False,TOR,26,35,2,3,32,24,True,UTA
2024020333,True,UTA,35,26,3,2,24,32,False,TOR
2024020334,True,COL,33,25,8,2,23,25,False,TBL
2024020334,False,TBL,25,33,2,8,25,23,False,COL
2024020335,False,FLA,31,21,4,1,20,27,False,WSH
2024020335,True,WSH,21,31,1,4,27,20,False,FLA
2024020336,False,NJD,22,46,2,5,41,20,False,NSH
2024020336,True,NSH,46,22,5,2,20,41,False,NJD
2024020337,True,STL,29,44,2,5,39,27,False,NYR
2024020337,False,NYR,44,29,5,2,27,39,False,STL
2024020338,True,VGK,36,30,4,5,26,32,False,PHI
2024020338,False,PHI,30,36,5,4,32,26,False,VGK
2024020339,True,DAL,34,19,6,4,15,28,False,CAR
2024020339,False,CAR,19,34,4,6,28,15,False,DAL
2024020340,True,CGY,30,27,4,3,24,26,False,OTT
2024020340,False,OTT,27,30,3,4,26,24,False,CGY
2024020341,True,DET,29,21,2,4,17,27,False,NYI
2024020341,False,NYI,21,29,4,2,27,17,False,DET
2024020342,False,MIN,32,44,4,1,43,28,False,WPG
2024020342,True,WPG,44,32,1,4,28,43,False,MIN
2024020343,True,SEA,23,28,2,3,25,21,False,ANA
2024020343,False,ANA,28,23,3,2,21,25,False,SEA
2024020344,False,SJS,24,21,2,7,14,22,False,LAK
2024020344,True,LAK,21,24,7,2,22,14,False,SJS
2024020345,True,VAN,33,15,0,2,13,33,False,BOS
2024020345,False,BOS,15,33,2,0,33,13,False,VAN
2024020346,False,MTL,29,13,3,2,11,26,False,UTA
2024020346,True,UTA,13,29,2,3,26,11,False,MTL
2024020347,True,MIN,39,30,0,1,29,39,False,BUF
2024020347,False,BUF,30,39,1,0,39,29,False,MIN
2024020348,False,NJD,20,32,3,0,32,17,False,STL
2024020348,True,STL,32,20,0,3,17,32,False,NJD
2024020349,False,CAR,22,31,3,4,27,19,False,NYR
2024020349,True,NYR,31,22,4,3,19,27,False,CAR
2024020350,False,DET,25,27,1,2,25,24,False,CGY
2024020350,True,CGY,27,25,2,1,24,25,False,DET
2024020351,False,TBL,32,28,5,4,25,27,False,WSH
2024020351,True,WSH,28,32,4,5,27,25,False,TBL
2024020352,False,FLA,24,24,1,5,19,23,False,TOR
2024020352,True,TOR,24,24,5,1,23,19,False,FLA
2024020353,True,BOS,24,21,3,6,15,21,False,NYI
2024020353,False,NYI,21,24,6,3,21,15,True,BOS
2024020354,True,VAN,23,29,5,4,25,18,False,PIT
2024020354,False,PIT,29,23,4,5,18,25,True,VAN
2024020355,True,MTL,24,23,3,4,19,21,False,CBJ
2024020355,False,CBJ,23,24,4,3,21,19,True,MTL
2024020356,False,NSH,23,27,3,2,25,20,False,PHI
2024020356,True,PHI,27,23,2,3,20,25,False,NSH
2024020357,False,CHI,27,26,2,6,20,25,False,DAL
2024020357,True,DAL,26,27,6,2,25,20,False,CHI
2024020358,True,VGK,34,19,2,1,18,33,False,COL
2024020358,False,COL,19,34,1,2,33,18,False,VGK
2024020359,True,WPG,33,14,4,1,13,29,False,LAK
2024020359,False,LAK,14,33,1,4,29,13,False,WPG
2024020360,True,ANA,44,33,2,5,28,42,False,SEA
2024020360,False,SEA,33,44,5,2,42,28,False,ANA
2024020361,True,OTT,39,11,3,4,7,36,False,SJS
2024020361,False,SJS,11,39,4,3,36,7,False,OTT
2024020362,False,PHI,23,35,1,3,32,22,False,NYR
2024020362,True,NYR,35,23,3,1,22,32,False,PHI
2024020363,False,MIN,23,29,2,3,26,21,False,CHI
2024020363,True,CHI,29,23,3,2,21,26,False,MIN
2024020364,True,VAN,34,22,3,4,18,31,False,BUF
2024020364,False,BUF,22,34,4,3,31,18,False,VAN
2024020365,True,NJD,28,29,4,5,24,24,False,DET
2024020365,False,DET,29,28,5,4,24,24,False,NJD
2024020366,True,NYI,26,24,5,4,20,21,False,WSH
2024020366,False,WSH,24,26,4,5,21,20,False,NYI
2024020367,False,CAR,30,31,6,3,28,24,False,FLA
2024020367,True,FLA,31,30,3,6,24,28,False,CAR
2024020368,True,CGY,34,29,5,2,27,29,False,CBJ
2024020368,False,CBJ,29,34,2,5,29,27,False,CGY
2024020369,False,NSH,28,31,3,2,29,25,False,TBL
2024020369,True,TBL,31,28,2,3,25,29,False,NSH
2024020370,False,ANA,18,31,2,1,30,16,False,LAK
2024020370,True,LAK,31,18,1,2,16,30,False,ANA
2024020371,False,SJS,31,27,5,8,19,26,False,SEA
2024020371,True,SEA,27,31,8,5,26,19,False,SJS
2024020372,False,BOS,36,31,2,1,30,34,False,PIT
2024020372,True,PIT,31,36,1,2,34,30,False,BOS
2024020373,False,DAL,32,24,3,5,19,29,False,COL
2024020373,True,COL,24,32,5,3,29,19,False,DAL
2024020374,False,VGK,25,30,3,4,26,22,False,WPG
2024020374,True,WPG,30,25,4,3,22,26,False,VGK
2024020375,True,EDM,31,32,3,4,28,28,False,UTA
2024020375,False,UTA,32,31,4,3,28,28,False,EDM
2024020376,False,NYR,28,28,3,4,24,25,False,MTL
2024020376,True,MTL,28,28,4,3,25,24,True,NYR
2024020377,True,CAR,35,20,6,0,20,29,True,FLA
2024020377,False,FLA,20,35,0,6,29,20,True,CAR
2024020378,False,TBL,29,41,5,3,38,24,False,TOR
2024020378,True,TOR,41,29,3,5,24,38,True,TBL
2024020379,False,NJD,32,27,6,5,22,26,True,WSH
2024020379,True,WSH,27,32,5,6,26,22,True,NJD
2024020380,True,CGY,43,32,6,2,30,37,True,PIT
2024020380,False,PIT,32,43,2,6,37,30,True,CGY
2024020381,True,PHI,27,31,2,3,28,25,False,STL
2024020381,False,STL,31,27,3,2,25,28,True,PHI
2024020382,False,LAK,22,27,2,5,22,20,False,OTT
2024020382,True,OTT,27,22,5,2,20,22,True,LAK
2024020383,False,NYI,29,20,0,3,17,29,True,BUF
2024020383,True,BUF,20,29,3,0,29,17,True,NYI
2024020384,True,NSH,28,27,3,2,25,25,True,MIN
2024020384,False,MIN,27,28,2,3,25,25,True,NSH
2024020385,True,EDM,28,32,1,4,28,27,True,COL
2024020385,False,COL,32,28,4,1,27,28,True,EDM
2024020386,True,UTA,29,28,0,6,22,29,True,VGK
2024020386,False,VGK,28,29,6,0,29,22,True,UTA
2024020387,False,SEA,23,38,4,2,36,19,True,SJS
2024020387,True,SJS,38,23,2,4,19,36,True,SEA
2024020388,False,DET,32,31,5,4,27,27,False,VAN
2024020388,True,VAN,31,32,4,5,27,27,False,DET
2024020389,True,MTL,30,28,6,3,25,24,False,BOS
2024020389,False,BOS,28,30,3,6,24,25,True,MTL
2024020390,False,CHI,36,31,6,3,28,30,False,CBJ
2024020390,True,CBJ,31,36,3,6,30,28,False,CHI
2024020391,True,WPG,31,27,3,1,26,28,False,DAL
2024020391,False,DAL,27,31,1,3,28,26,False,WPG
2024020392,True,OTT,34,31,4,3,28,31,False,ANA
2024020392,False,ANA,31,34,3,4,31,28,True,OTT
2024020393,True,NJD,39,28,1,5,23,38,False,NYR
2024020393,False,NYR,28,39,5,1,38,23,False,NJD
2024020394,True,CHI,22,28,4,1,27,18,False,TOR
2024020394,False,TOR,28,22,1,4,18,27,True,CHI
2024020395,False,UTA,21,37,2,1,36,19,True,DAL
2024020395,True,DAL,37,21,1,2,19,36,False,UTA
2024020396,False,BOS,25,35,2,3,32,23,False,DET
2024020396,True,DET,35,25,3,2,23,32,False,BOS
2024020397,True,COL,30,41,4,5,36,26,False,BUF
2024020397,False,BUF,41,30,5,4,26,36,False,COL
2024020398,False,MTL,31,27,1,2,25,30,False,NYI
2024020398,True,NYI,27,31,2,1,30,25,False,MTL
2024020399,True,FLA,16,41,5,4,37,11,False,PIT
2024020399,False,PIT,41,16,4,5,11,37,False,FLA
2024020400,False,WSH,31,28,2,1,27,29,False,SJS
2024020400,True,SJS,28,31,1,2,29,27,False,WSH
2024020401,True,SEA,19,28,2,4,24,17,False,CAR
2024020401,False,CAR,28,19,4,2,17,24,False,SEA
2024020402,False,MIN,32,29,2,3,26,30,False,VAN
2024020402,True,VAN,29,32,3,2,30,26,False,MIN
2024020403,True,STL,23,32,1,4,28,22,False,WPG
2024020403,False,WPG,32,23,4,1,22,28,False,STL
2024020404,True,CBJ,22,16,3,0,16,19,False,CGY
2024020404,False,CGY,16,22,0,3,19,16,False,CBJ
2024020405,True,EDM,16,28,1,0,28,15,False,VGK
2024020405,False,VGK,28,16,0,1,15,28,False,EDM
2024020406,True,NSH,28,24,3,2,22,25,False,TOR
2024020406,False,TOR,24,28,2,3,25,22,False,NSH
2024020407,True,BOS,22,27,2,4,23,20,False,CHI
2024020407,False,CHI,27,22,4,2,20,23,True,BOS
2024020408,False,ANA,33,20,4,1,19,29,True,VGK
2024020408,True,VGK,20,33,1,4,29,19,False,ANA
2024020409,True,DAL,17,28,3,2,26,14,False,LAK
2024020409,False,LAK,28,17,2,3,14,26,False,DAL
2024020410,False,BUF,31,30,3,2,28,28,False,WPG
2024020410,True,WPG,30,31,2,3,28,28,False,BUF
2024020411,True,NSH,30,29,3,0,29,27,False,MTL
2024020411,False,MTL,29,30,0,3,27,29,True,NSH
2024020412,True,DET,32,20,2,1,19,30,False,OTT
2024020412,False,OTT,20,32,1,2,30,19,False,DET
2024020413,False,TBL,21,35,1,8,27,20,False,SJS
2024020413,True,SJS,35,21,8,1,20,27,False,TBL
2024020414,True,FLA,34,28,5,7,21,29,False,PHI
2024020414,False,PHI,28,34,7,5,29,21,False,FLA
2024020415,True,COL,35,19,5,3,16,30,False,CAR
2024020415,False,CAR,19,35,3,5,30,16,False,COL
2024020416,True,SEA,29,25,2,5,20,27,False,NYI
2024020416,False,NYI,25,29,5,2,27,20,False,SEA
2024020417,True,STL,39,24,3,4,20,36,False,CGY
2024020417,False,CGY,24,39,4,3,36,20,False,STL
2024020418,True,CBJ,36,22,6,3,19,30,False,EDM
2024020418,False,EDM,22,36,3,6,30,19,False,CBJ
2024020419,True,WSH,21,26,1,3,23,20,False,TOR
2024020419,False,TOR,26,21,3,1,20,23,False,WSH
2024020420,False,NJD,19,36,2,3,33,17,True,SEA
2024020420,True,SEA,36,19,3,2,17,33,False,NJD
2024020421,False,NYR,22,32,2,4,28,20,False,PIT
2024020421,True,PIT,32,22,4,2,20,28,False,NYR
2024020422,False,VAN,32,17,2,5,12,30,True,CBJ
2024020422,True,CBJ,17,32,5,2,30,12,False,VAN
2024020423,False,VGK,40,28,2,3,25,38,False,DAL
2024020423,True,DAL,28,40,3,2,38,25,False,VGK
2024020424,True,MIN,27,33,1,5,28,26,False,ANA
2024020424,False,ANA,33,27,5,1,26,28,False,MIN
2024020425,False,BOS,26,31,3,4,27,23,False,PHI
2024020425,True,PHI,31,26,4,3,23,27,False,BOS
2024020426,False,BUF,28,25,5,2,23,23,False,UTA
2024020426,True,UTA,25,28,2,5,23,23,False,BUF
2024020427,True,WPG,14,29,2,4,25,12,False,CHI
2024020427,False,CHI,29,14,4,2,12,25,False,WPG
2024020428,True,CAR,25,31,4,3,28,21,False,NYI
2024020428,False,NYI,31,25,3,4,21,28,False,CAR
2024020429,False,FLA,29,54,1,3,51,28,False,SJS
2024020429,True,SJS,54,29,3,1,28,51,False,FLA
2024020430,True,WSH,24,35,2,4,31,22,False,MTL
2024020430,False,MTL,35,24,4,2,22,31,True,WSH
2024020431,False,OTT,37,30,1,3,27,36,False,NSH
2024020431,True,NSH,30,37,3,1,36,27,False,OTT
2024020432,False,DET,25,30,2,1,29,23,False,COL
2024020432,True,COL,30,25,1,2,23,29,False,DET
2024020433,False,PIT,27,29,2,5,24,25,True,TOR
2024020433,True,TOR,29,27,5,2,25,24,True,PIT
2024020434,False,LAK,23,34,1,4,30,22,True,MIN
2024020434,True,MIN,34,23,4,1,22,30,False,LAK
2024020435,False,EDM,31,21,2,4,17,29,False,STL
2024020435,True,STL,21,31,4,2,29,17,False,EDM
2024020436,True,SEA,37,22,5,7,15,32,False,NYR
2024020436,False,NYR,22,37,7,5,32,15,False,SEA
2024020437,True,TBL,25,33,2,4,29,23,False,VAN
2024020437,False,VAN,33,25,4,2,23,29,False,TBL
2024020438,False,OTT,13,31,4,2,29,9,True,NYI
2024020438,True,NYI,31,13,2,4,9,29,True,OTT
2024020439,False,WPG,28,25,4,1,24,24,False,CBJ
2024020439,True,CBJ,25,28,1,4,24,24,True,WPG
2024020440,False,NJD,24,25,4,0,25,20,True,COL
2024020440,True,COL,25,24,0,4,20,25,False,NJD
2024020441,False,PHI,25,24,4,2,22,21,True,UTA
2024020441,True,UTA,24,25,2,4,21,22,True,PHI
2024020442,False,DAL,31,28,2,6,22,29,False,CGY
2024020442,True,CGY,28,31,6,2,29,22,False,DAL
2024020443,True,DET,21,31,5,6,26,16,False,BUF
2024020443,False,BUF,31,21,6,5,16,26,False,DET
2024020444,False,NYR,32,30,2,1,29,30,False,CHI
2024020444,True,CHI,30,32,1,2,30,29,True,NYR
2024020445,False,MTL,29,21,2,3,19,27,False,ANA
2024020445,True,ANA,21,29,3,2,27,19,False,MTL
2024020446,False,NJD,17,39,2,1,38,15,False,TOR
2024020446,True,TOR,39,17,1,2,15,38,False,NJD
2024020447,False,PIT,27,27,6,2,25,21,False,COL
2024020447,True,COL,27,27,2,6,21,25,False,PIT
2024020448,False,CAR,23,28,2,3,25,21,False,SJS
2024020448,True,SJS,28,23,3,2,21,25,False,CAR
2024020449,True,PHI,18,25,3,5,20,15,False,CBJ
2024020449,False,CBJ,25,18,5,3,15,20,False,PHI
2024020450,True,LAK,20,30,1,3,27,19,False,NYI
2024020450,False,NYI,30,20,3,1,19,27,False,LAK
2024020451,True,CGY,20,28,3,4,24,17,False,NSH
2024020451,False,NSH,28,20,4,3,17,24,False,CGY
2024020452,False,WPG,24,35,1,8,27,23,False,BOS
2024020452,True,BOS,35,24,8,1,23,27,False,WPG
2024020453,True,TBL,25,22,2,1,21,24,False,EDM
2024020453,False,EDM,22,25,1,2,24,21,False,TBL
2024020454,True,MIN,25,38,4,5,34,21,False,UTA
2024020454,False,UTA,38,25,5,4,21,34,False,MIN
2024020455,True,STL,25,25,3,4,21,22,False,VAN
2024020455,False,VAN,25,25,4,3,22,21,False,STL
2024020456,False,SEA,33,18,2,1,17,32,False,FLA
2024020456,True,FLA,18,33,1,2,32,17,False,SEA
2024020457,False,BUF,28,31,3,2,29,25,False,NYR
2024020457,True,NYR,31,28,2,3,25,29,False,BUF
2024020458,False,OTT,32,34,1,5,29,31,False,ANA
2024020458,True,ANA,34,32,5,1,31,29,False,OTT
2024020459,True,ANA,33,28,3,2,26,30,False,TOR
2024020459,False,TOR,28,33,2,3,30,26,True,ANA
2024020460,True,PIT,23,33,2,9,24,21,False,MTL
2024020460,False,MTL,33,23,9,2,21,24,False,PIT
2024020461,True,LAK,26,14,3,1,13,23,False,NJD
2024020461,False,NJD,14,26,1,3,23,13,False,LAK
2024020462,False,PHI,26,36,1,4,32,25,False,DET
2024020462,True,DET,36,26,4,1,25,32,False,PHI
2024020463,True,WSH,33,37,1,2,35,32,False,CBJ
2024020463,False,CBJ,37,33,2,1,32,35,False,WSH
2024020464,True,CHI,21,30,5,4,26,16,False,NYI
2024020464,False,NYI,30,21,4,5,16,26,False,CHI
2024020465,False,STL,31,20,4,3,17,27,False,SJS
2024020465,True,SJS,20,31,3,4,27,17,False,STL
2024020466,False,DAL,26,36,4,1,35,22,False,NSH
2024020466,True,NSH,36,26,1,4,22,35,False,DAL
2024020467,False,MIN,35,30,7,1,29,28,False,EDM
2024020467,True,EDM,30,35,1,7,28,29,False,MIN
2024020468,False,WPG,36,20,3,2,18,33,False,VGK
2024020468,True,VGK,20,36,2,3,33,18,False,WPG
2024020469,True,UTA,24,23,1,4,19,23,False,COL
2024020469,False,COL,23,24,4,1,23,19,False,UTA
2024020470,True,TBL,22,26,3,8,18,19,False,CGY
2024020470,False,CGY,26,22,8,3,19,18,False,TBL
2024020471,True,FLA,19,27,4,0,27,15,False,VAN
2024020471,False,VAN,27,19,0,4,15,27,False,FLA
2024020472,True,BOS,21,34,5,1,33,16,False,SEA
2024020472,False,SEA,34,21,1,5,16,33,False,BOS
2024020473,False,CAR,22,32,3,0,32,19,False,OTT
2024020473,True,OTT,32,22,0,3,19,32,False,CAR
2024020474,False,NJD,17,24,1,4,20,16,False,CHI
2024020474,True,CHI,24,17,4,1,16,20,False,NJD
2024020475,True,LAK,32,32,1,5,27,31,False,NYR
2024020475,False,NYR,32,32,5,1,31,27,False,LAK
2024020476,True,PHI,22,22,4,1,21,18,False,MIN
2024020476,False,MIN,22,22,1,4,18,21,False,PHI
2024020477,True,VGK,34,42,6,3,39,28,False,EDM
2024020477,False,EDM,42,34,3,6,28,39,False,VGK
2024020478,True,PIT,31,27,3,2,25,28,True,OTT
2024020478,False,OTT,27,31,2,3,28,25,False,PIT
2024020479,False,DET,25,26,2,4,22,23,False,TOR
2024020479,True,TOR,26,25,4,2,23,22,False,DET
2024020480,True,BUF,31,21,4,2,19,27,False,WSH
2024020480,False,WSH,21,31,2,4,27,19,False,BUF
2024020481,False,CBJ,27,42,4,3,39,23,False,ANA
2024020481,True,ANA,42,27,3,4,23,39,False,CBJ
2024020482,True,MTL,27,28,4,2,26,23,False,WPG
2024020482,False,WPG,28,27,2,4,23,26,False,MTL
2024020483,True,STL,37,16,2,1,15,35,False,DAL
2024020483,False,DAL,16,37,1,2,35,15,False,STL
2024020484,False,COL,39,33,2,5,28,37,False,NSH
2024020484,True,NSH,33,39,5,2,37,28,False,COL
2024020485,True,FLA,27,32,3,0,32,24,False,CGY
2024020485,False,CGY,32,27,0,3,24,32,False,FLA
2024020486,True,BOS,20,28,1,5,23,19,False,VAN
2024020486,False,VAN,28,20,5,1,19,23,False,BOS
2024020487,True,UTA,22,40,3,4,36,19,False,SJS
2024020487,False,SJS,40,22,4,3,19,36,False,UTA
2024020488,True,TBL,22,31,1,5,26,21,False,SEA
2024020488,False,SEA,31,22,5,1,21,26,False,TBL
2024020489,True,NYI,23,33,5,3,30,18,True,CHI
2024020489,False,CHI,33,23,3,5,18,30,False,NYI
2024020490,False,TOR,27,41,3,5,36,24,True,BUF
2024020490,True,BUF,41,27,5,3,24,36,True,TOR
2024020491,False,CAR,28,28,1,4,24,27,True,CBJ
2024020491,True,CBJ,28,28,4,1,27,24,False,CAR
2024020492,True,NYR,24,28,3,2,26,21,True,STL
2024020492,False,STL,28,24,2,3,21,26,True,NYR
2024020493,True,VGK,22,27,2,3,24,20,True,MIN
2024020493,False,MIN,27,22,3,2,20,24,True,VGK
2024020494,True,WSH,24,26,3,1,25,21,False,DAL
2024020494,False,DAL,26,24,1,3,21,25,False,WSH
2024020495,False,EDM,28,30,6,5,25,22,False,FLA
2024020495,True,FLA,30,28,5,6,22,25,False,EDM
2024020496,True,COL,25,31,3,1,30,22,False,VAN
2024020496,False,VAN,31,25,1,3,22,30,False,COL
2024020497,False,MTL,21,27,1,6,21,20,False,BUF
2024020497,True,BUF,27,21,6,1,20,21,False,MTL
2024020498,False,TBL,32,33,3,5,28,29,False,CBJ
2024020498,True,CBJ,33,32,5,3,29,28,False,TBL
2024020499,True,LAK,31,31,3,2,29,28,False,PIT
2024020499,False,PIT,31,31,2,3,28,29,False,LAK
2024020500,False,CAR,32,29,0,4,25,32,False,NYI
2024020500,True,NYI,29,32,4,0,32,25,False,CAR
2024020501,True,NJD,20,28,1,4,24,19,False,STL
2024020501,False,STL,28,20,4,1,19,24,False,NJD
2024020502,False,NSH,25,32,0,2,30,25,False,NYR
2024020502,True,NYR,32,25,2,0,25,30,False,NSH
2024020503,False,CHI,22,23,2,3,20,20,True,WSH
2024020503,True,WSH,23,22,3,2,20,20,False,CHI
2024020504,False,CGY,35,23,4,3,20,31,False,BOS
2024020504,True,BOS,23,35,3,4,31,20,False,CGY
2024020505,True,OTT,30,27,0,3,24,30,False,SEA
2024020505,False,SEA,27,30,3,0,30,24,False,OTT
2024020506,True,WPG,35,33,3,4,29,32,False,SJS
2024020506,False,SJS,33,35,4,3,32,29,False,WPG
2024020507,True,PHI,24,19,6,4,15,18,False,DET
2024020507,False,DET,19,24,4,6,18,15,False,PHI
2024020508,False,DAL,19,39,5,3,36,14,False,TOR
2024020508,True,TOR,39,19,3,5,14,36,False,DAL
2024020509,True,FLA,27,33,1,6,27,26,False,MIN
2024020509,False,MIN,33,27,6,1,26,27,False,FLA
2024020510,False,UTA,26,31,2,3,28,24,False,VAN
2024020510,True,VAN,31,26,3,2,24,28,False,UTA
2024020511,False,ANA,23,31,2,3,28,21,True,WPG
2024020511,True,WPG,31,23,3,2,21,28,False,ANA
2024020512,False,TBL,32,18,1,3,15,31,False,STL
2024020512,True,STL,18,32,3,1,31,15,False,TBL
2024020513,True,LAK,26,27,3,7,20,23,True,PHI
2024020513,False,PHI,27,26,7,3,23,20,False,LAK
2024020514,False,CBJ,42,20,2,4,16,40,False,NJD
2024020514,True,NJD,20,42,4,2,40,16,False,CBJ
2024020515,True,PIT,26,20,4,5,15,22,False,NSH
2024020515,False,NSH,20,26,5,4,22,15,False,PIT
2024020516,True,SEA,24,27,3,1,26,21,False,CHI
2024020516,False,CHI,27,24,1,3,21,26,False,SEA
2024020517,True,OTT,32,29,2,3,26,30,False,CGY
2024020517,False,CGY,29,32,3,2,30,26,False,OTT
2024020518,False,EDM,26,26,2,3,23,24,False,BOS
2024020518,True,BOS,26,26,3,2,24,23,False,EDM
2024020519,True,VAN,21,20,3,1,19,18,False,VGK
2024020519,False,VGK,20,21,1,3,18,19,True,VAN
2024020520,False,SJS,31,34,4,2,32,27,False,COL
2024020520,True,COL,34,31,2,4,27,32,False,SJS
2024020521,False,BUF,29,27,6,3,24,23,False,TOR
2024020521,True,TOR,27,29,3,6,23,24,False,BUF
2024020522,True,MTL,28,33,3,4,29,25,False,DET
2024020522,False,DET,33,28,4,3,25,29,False,MTL
2024020523,True,STL,27,27,2,1,26,25,False,FLA
2024020523,False,FLA,27,27,1,2,25,26,True,STL
2024020524,True,CAR,22,25,3,1,24,19,False,WSH
2024020524,False,WSH,25,22,1,3,19,24,False,CAR
2024020525,True,NYR,42,30,1,3,27,41,False,DAL
2024020525,False,DAL,30,42,3,1,41,27,False,NYR
2024020526,False,MIN,18,29,2,1,28,16,False,UTA
2024020526,True,UTA,29,18,1,2,16,28,False,MIN
2024020527,False,ANA,23,32,4,2,30,19,True,COL
2024020527,True,COL,32,23,2,4,19,30,False,ANA
2024020528,False,NSH,24,26,2,3,23,22,False,LAK
2024020528,True,LAK,26,24,3,2,22,23,False,NSH
2024020529,True,CHI,30,28,6,4,24,24,False,CGY
2024020529,False,CGY,28,30,4,6,24,24,False,CHI
2024020530,False,EDM,22,42,2,3,39,20,False,SJS
2024020530,True,SJS,42,22,3,2,20,39,False,EDM
2024020531,False,BOS,20,19,1,3,16,19,True,BUF
2024020531,True,BUF,19,20,3,1,19,16,False,BOS
2024020532,True,NYI,29,34,3,6,28,26,True,TOR
2024020532,False,TOR,34,29,6,3,26,28,False,NYI
2024020533,False,MTL,21,24,1,5,19,20,True,DET
2024020533,True,DET,24,21,5,1,20,19,True,MTL
2024020534,False,NJD,12,27,0,3,24,12,False,PIT
2024020534,True,PIT,27,12,3,0,12,24,False,NJD
2024020535,False,PHI,25,30,4,5,25,21,False,CBJ
2024020535,True,CBJ,30,25,5,4,21,25,False,PHI
2024020536,True,MIN,24,19,5,0,19,19,False,WPG
2024020536,False,WPG,19,24,0,5,19,19,True,MIN
2024020537,True,OTT,25,22,4,5,17,21,False,VAN
2024020537,False,VAN,22,25,5,4,21,17,False,OTT
2024020538,True,SEA,34,23,6,2,21,28,False,VGK
2024020538,False,VGK,23,34,2,6,28,21,False,SEA
2024020539,False,NYR,33,23,3,1,22,30,False,CAR
2024020539,True,CAR,23,33,1,3,30,22,False,NYR
2024020540,False,TBL,26,21,4,2,19,22,False,FLA
2024020540,True,FLA,21,26,2,4,22,19,False,TBL
2024020541,False,WSH,26,21,1,3,18,25,True,LAK
2024020541,True,LAK,21,26,3,1,25,18,False,WSH
2024020542,False,UTA,30,25,5,4,21,26,False,ANA
2024020542,True,ANA,25,30,4,5,26,21,False,UTA
2024020543,True,SEA,29,19,5,2,17,24,False,COL
2024020543,False,COL,19,29,2,5,24,17,True,SEA
2024020544,False,EDM,21,21,1,3,18,20,True,OTT
2024020544,True,OTT,21,21,3,1,20,18,True,EDM
2024020545,True,NYR,30,12,5,0,12,25,False,NJD
2024020545,False,NJD,12,30,0,5,25,12,True,NYR
2024020546,True,WPG,25,27,2,5,22,23,False,TOR
2024020546,False,TOR,27,25,5,2,23,22,False,WPG
2024020547,True,WSH,22,11,4,1,10,18,False,BOS
2024020547,False,BOS,11,22,1,4,18,10,True,WSH
2024020548,True,STL,19,21,0,4,17,19,False,DET
2024020548,False,DET,21,19,4,0,19,17,False,STL
2024020549,False,FLA,29,36,4,0,36,25,True,TBL
2024020549,True,TBL,36,29,0,4,25,36,True,FLA
2024020550,False,PIT,27,22,3,7,15,24,False,PHI
2024020550,True,PHI,22,27,7,3,24,15,False,PIT
2024020551,False,CBJ,31,32,4,5,27,27,False,MTL
2024020551,True,MTL,32,31,5,4,27,27,False,CBJ
2024020552,True,BUF,28,25,1,7,18,27,False,NYI
2024020552,False,NYI,25,28,7,1,27,18,False,BUF
2024020553,True,CAR,25,27,5,2,25,20,False,NSH
2024020553,False,NSH,27,25,2,5,20,25,True,CAR
2024020554,False,MIN,31,27,3,4,23,28,False,CHI
2024020554,True,CHI,27,31,4,3,28,23,False,MIN
2024020555,True,SJS,24,29,4,3,26,20,False,VAN
2024020555,False,VAN,29,24,3,4,20,26,False,SJS
2024020556,True,DAL,26,29,2,3,26,24,True,UTA
2024020556,False,UTA,29,26,3,2,24,26,False,DAL
2024020557,True,ANA,33,32,3,1,31,30,False,VGK
2024020557,False,VGK,32,33,1,3,30,31,True,ANA
2024020558,True,CHI,35,17,6,2,15,29,False,BUF
2024020558,False,BUF,17,35,2,6,29,15,False,CHI
2024020559,False,DET,23,25,5,2,23,18,False,TOR
2024020559,True,TOR,25,23,2,5,18,23,False,DET
2024020560,False,NJD,31,23,2,4,19,29,False,CAR
2024020560,True,CAR,23,31,4,2,29,19,False,NJD
2024020561,True,BOS,33,26,6,2,24,27,False,CBJ
2024020561,False,CBJ,26,33,2,6,27,24,False,BOS
2024020562,False,STL,30,30,4,7,23,26,False,NSH
2024020562,True,NSH,30,30,7,4,26,23,False,STL
2024020563,True,MIN,29,18,2,3,15,27,False,DAL
2024020563,False,DAL,18,29,3,2,27,15,False,MIN
2024020564,True,COL,35,37,1,4,33,34,False,UTA
2024020564,False,UTA,37,35,4,1,34,33,False,COL
2024020565,True,VGK,25,36,3,6,30,22,False,SJS
2024020565,False,SJS,36,25,6,3,22,30,False,VGK
2024020566,False,FLA,25,34,4,0,34,21,False,MTL
2024020566,True,MTL,34,25,0,4,21,34,False,FLA
2024020567,False,VAN,29,22,5,4,18,24,False,SEA
2024020567,True,SEA,22,29,4,5,24,18,False,VAN
2024020568,False,ANA,25,33,3,1,32,22,False,PHI
2024020568,True,PHI,33,25,1,3,22,32,False,ANA
2024020569,False,LAK,27,29,3,4,25,24,False,EDM
2024020569,True,EDM,29,27,4,3,24,25,False,LAK
2024020570,True,CBJ,28,18,4,0,18,24,True,BOS
2024020570,False,BOS,18,28,0,4,24,18,True,CBJ
2024020571,True,WSH,37,32,2,5,27,35,True,TOR
2024020571,False,TOR,32,37,5,2,35,27,False,WSH
2024020572,False,TBL,44,25,2,6,19,42,False,NYR
2024020572,True,NYR,25,44,6,2,42,19,False,TBL
2024020573,True,NJD,41,23,5,2,21,36,True,CAR
2024020573,False,CAR,23,41,2,5,36,21,True,NJD
2024020574,True,OTT,23,35,4,2,33,19,False,WPG
2024020574,False,WPG,35,23,2,4,19,33,False,OTT
2024020575,False,NYI,25,34,3,6,29,22,False,PIT
2024020575,True,PIT,34,25,6,3,22,29,False,NYI
2024020576,False,SJS,33,22,3,1,21,30,False,CGY
2024020576,True,CGY,22,33,1,3,30,21,True,SJS
2024020577,False,CHI,35,25,5,1,24,30,False,DAL
2024020577,True,DAL,25,35,1,5,30,24,False,CHI
2024020578,True,EDM,32,23,5,3,20,27,True,ANA
2024020578,False,ANA,23,32,3,5,27,20,True,EDM
2024020579,False,DET,27,27,2,4,23,25,True,WSH
2024020579,True,WSH,27,27,4,2,25,23,False,DET
2024020580,False,TBL,37,23,5,2,21,32,True,MTL
2024020580,True,MTL,23,37,2,5,32,21,True,TBL
2024020581,False,PIT,31,41,2,3,38,29,True,NYI
2024020581,True,NYI,41,31,3,2,29,38,True,PIT
2024020582,True,BUF,37,16,2,4,12,35,False,STL
2024020582,False,STL,16,37,4,2,35,12,False,BUF
2024020583,True,OTT,31,37,1,3,34,30,False,MIN
2024020583,False,MIN,37,31,3,1,30,34,True,OTT
2024020584,False,VGK,31,37,0,3,34,31,True,CGY
2024020584,True,CGY,37,31,3,0,31,34,False,VGK
2024020585,False,LAK,21,20,4,5,15,17,True,PHI
2024020585,True,PHI,20,21,5,4,17,15,True,LAK
2024020586,True,NYR,26,35,5,3,32,21,False,FLA
2024020586,False,FLA,35,26,3,5,21,32,False,NYR
2024020587,False,WPG,22,28,0,3,25,22,False,NSH
2024020587,True,NSH,28,22,3,0,22,25,False,WPG
2024020588,False,SEA,30,33,2,5,28,28,False,UTA
2024020588,True,UTA,33,30,5,2,28,28,False,SEA
2024020589,False,WSH,27,27,1,3,24,26,False,BOS
2024020589,True,BOS,27,27,3,1,26,24,False,WSH
2024020590,True,NYI,25,31,3,1,30,22,False,TOR
2024020590,False,TOR,31,25,1,3,22,30,False,NYI
2024020591,False,VGK,22,29,3,2,27,19,False,MTL
2024020591,True,MTL,29,22,2,3,19,27,False,VGK
2024020592,False,CHI,28,30,6,2,28,22,False,STL
2024020592,True,STL,30,28,2,6,22,28,False,CHI
2024020593,True,PIT,25,25,4,2,23,21,False,DET
2024020593,False,DET,25,25,2,4,21,23,False,PIT
2024020594,False,CBJ,35,28,3,4,25,32,False,CAR
2024020594,True,CAR,28,35,4,3,32,25,False,CBJ
2024020595,False,DAL,23,33,2,4,29,21,False,BUF
2024020595,True,BUF,33,23,4,2,21,29,False,DAL
2024020596,False,MIN,46,38,3,5,33,43,True,NSH
2024020596,True,NSH,38,46,5,3,43,33,False,MIN
2024020597,False,COL,22,38,2,5,33,20,True,WPG
2024020597,True,WPG,38,22,5,2,20,33,False,COL
2024020598,True,NJD,26,34,3,2,32,23,False,ANA
2024020598,False,ANA,34,26,2,3,23,32,False,NJD
2024020599,True,PHI,22,34,0,4,30,22,False,SJS
2024020599,False,SJS,34,22,4,0,22,30,False,PHI
2024020600,True,VAN,29,24,3,1,23,26,False,CGY
2024020600,False,CGY,24,29,1,3,26,23,False,VAN
2024020601,True,UTA,38,27,4,1,26,34,False,EDM
2024020601,False,EDM,27,38,1,4,34,26,True,UTA
2024020602,False,LAK,33,24,0,3,21,33,True,NJD
2024020602,True,NJD,24,33,3,0,33,21,False,LAK
2024020603,True,CAR,26,40,1,3,37,25,False,FLA
2024020603,False,FLA,40,26,3,1,25,37,False,CAR
2024020604,False,NYR,33,27,1,2,25,32,False,BOS
2024020604,True,BOS,27,33,2,1,32,25,False,NYR
2024020605,True,MIN,31,33,3,4,30,28,False,WSH
2024020605,False,WSH,33,31,4,3,28,30,False,MIN
2024020606,False,CBJ,26,25,5,4,21,21,False,DET
2024020606,True,DET,25,26,4,5,21,21,False,CBJ
2024020607,False,NYI,31,33,2,1,32,29,False,TOR
2024020607,True,TOR,33,31,1,2,29,32,False,NYI
2024020608,False,DAL,13,25,2,4,21,11,False,OTT
2024020608,True,OTT,25,13,4,2,11,21,False,DAL
2024020609,False,WPG,24,30,4,3,27,20,False,ANA
2024020609,True,ANA,30,24,3,4,20,27,False,WPG
2024020610,False,COL,21,29,5,6,23,16,False,BUF
2024020610,True,BUF,29,21,6,5,16,23,False,COL
2024020611,True,UTA,26,26,3,5,21,23,False,CGY
2024020611,False,CGY,26,26,5,3,23,21,False,UTA
2024020612,False,VGK,25,27,2,5,22,23,False,PHI
2024020612,True,PHI,27,25,5,2,23,22,False,VGK
2024020613,True,VAN,27,22,3,4,19,24,False,SEA
2024020613,False,SEA,22,27,4,3,24,19,False,VAN
2024020614,True,TBL,25,25,2,1,24,23,False,SJS
2024020614,False,SJS,25,25,1,2,23,24,False,TBL
2024020615,True,PIT,33,31,3,2,29,31,True,FLA
2024020615,False,FLA,31,33,2,3,31,29,False,PIT
2024020616,False,CHI,40,26,2,4,22,38,False,MTL
2024020616,True,MTL,26,40,4,2,38,22,False,CHI
2024020617,False,STL,20,25,0,4,21,20,True,OTT
2024020617,True,OTT,25,20,4,0,20,21,False,STL
2024020618,False,EDM,29,26,2,3,23,27,True,ANA
2024020618,True,ANA,26,29,3,2,27,23,False,EDM
2024020619,True,NSH,27,19,0,3,16,27,True,VAN
2024020619,False,VAN,19,27,3,0,27,16,False,NSH
2024020620,False,WSH,33,28,4,7,21,29,False,NYR
2024020620,True,NYR,28,33,7,4,29,21,False,WSH
2024020621,False,WPG,29,23,4,2,21,25,False,DET
2024020621,True,DET,23,29,2,4,25,21,False,WPG
2024020622,False,SJS,30,24,2,3,21,28,False,NJD
2024020622,True,NJD,24,30,3,2,28,21,False,SJS
2024020623,False,TOR,31,29,4,6,23,27,False,BOS
2024020623,True,BOS,29,31,6,4,27,23,False,TOR
2024020624,False,CAR,27,21,4,0,21,23,False,MIN
2024020624,True,MIN,21,27,0,4,23,21,False,CAR
2024020625,True,STL,39,33,6,4,29,33,False,CBJ
2024020625,False,CBJ,33,39,4,6,33,29,True,STL
2024020626,False,COL,23,23,2,1,22,22,True,MTL
2024020626,True,MTL,23,23,1,2,22,22,False,COL
2024020627,True,NSH,32,28,1,4,24,31,False,CGY
2024020627,False,CGY,28,32,4,1,31,24,True,NSH
2024020628,True,UTA,29,35,3,2,33,26,False,DAL
2024020628,False,DAL,35,29,2,3,26,33,False,UTA
2024020629,True,TBL,21,34,2,1,33,19,False,LAK
2024020629,False,LAK,34,21,1,2,19,33,False,TBL
2024020630,True,BUF,33,24,3,1,23,30,False,VGK
2024020630,False,VGK,24,33,1,3,30,23,False,BUF
2024020631,False,SEA,32,18,4,2,16,28,True,EDM
2024020631,True,EDM,18,32,2,4,28,16,False,SEA
2024020632,True,NYR,27,34,2,6,28,25,False,CHI
2024020632,False,CHI,34,27,6,2,25,28,True,NYR
2024020633,True,NYI,30,37,4,5,32,26,True,BOS
2024020633,False,BOS,37,30,5,4,26,32,False,NYI
2024020634,False,CAR,19,31,3,4,27,16,False,PIT
2024020634,True,PIT,31,19,4,3,16,27,True,CAR
2024020635,False,TOR,32,25,2,3,22,30,False,PHI
2024020635,True,PHI,25,32,3,2,30,22,True,TOR
2024020636,True,TBL,26,37,4,1,36,22,False,ANA
2024020636,False,ANA,37,26,1,4,22,36,True,TBL
2024020637,True,WSH,27,28,4,3,25,24,False,BUF
2024020637,False,BUF,28,27,3,4,24,25,False,WSH
2024020638,True,VAN,24,20,5,4,16,19,False,MTL
2024020638,False,MTL,20,24,4,5,19,16,False,VAN
2024020639,True,FLA,34,27,3,1,26,31,False,COL
2024020639,False,COL,27,34,1,3,31,26,False,FLA
2024020640,True,NJD,24,29,2,3,26,22,False,SEA
2024020640,False,SEA,29,24,3,2,22,26,False,NJD
2024020641,False,BOS,39,26,4,0,26,35,False,EDM
2024020641,True,EDM,26,39,0,4,35,26,False,BOS
2024020642,False,DET,33,33,2,3,30,31,False,OTT
2024020642,True,OTT,33,33,3,2,31,30,False,DET
2024020643,False,NYR,39,26,5,4,22,34,False,DAL
2024020643,True,DAL,26,39,4,5,34,22,False,NYR
2024020644,True,TOR,32,17,2,3,14,30,False,PHI
2024020644,False,PHI,17,32,3,2,30,14,False,TOR
2024020645,False,PIT,29,23,4,3,20,26,False,CBJ
2024020645,True,CBJ,23,29,3,4,26,20,False,PIT
2024020646,True,STL,26,33,6,4,29,20,False,MIN
2024020646,False,MIN,33,26,4,6,20,29,False,STL
2024020647,True,NSH,30,28,5,2,26,26,False,WPG
2024020647,False,WPG,28,30,2,5,26,26,False,NSH
2024020648,True,CGY,28,33,2,3,30,26,False,ANA
2024020648,False,ANA,33,28,3,2,26,30,False,CGY
2024020649,True,VGK,21,42,2,4,38,19,False,SJS
2024020649,False,SJS,42,21,4,2,19,38,False,VGK
2024020650,True,VAN,18,31,2,1,30,16,False,WSH
2024020650,False,WSH,31,18,1,2,16,30,False,VAN
2024020651,True,COL,20,36,3,1,35,17,False,CHI
2024020651,False,CHI,36,20,1,3,17,35,False,COL
2024020652,False,UTA,33,26,4,1,25,29,False,FLA
2024020652,True,FLA,26,33,1,4,29,25,False,UTA
2024020654,True,BUF,35,21,0,4,17,35,False,OTT
2024020654,False,OTT,21,35,4,0,35,17,False,BUF
2024020655,False,TBL,28,31,1,4,27,27,False,BOS
2024020655,True,BOS,31,28,4,1,27,27,False,TBL
2024020656,True,NJD,32,23,3,2,21,29,False,NYR
2024020656,False,NYR,23,32,2,3,29,21,False,NJD
2024020657,True,DAL,28,23,1,4,19,27,False,PHI
2024020657,False,PHI,23,28,4,1,27,19,False,DAL
2024020658,True,EDM,26,43,5,3,40,21,False,PIT
2024020658,False,PIT,43,26,3,5,21,40,False,EDM
2024020659,False,CAR,33,34,3,6,28,30,False,TOR
2024020659,True,TOR,34,33,6,3,30,28,False,CAR
2024020660,False,CBJ,31,24,2,6,18,29,False,SEA
2024020660,True,SEA,24,31,6,2,29,18,False,CBJ
2024020661,True,ANA,34,23,6,2,21,28,False,STL
2024020661,False,STL,23,34,2,6,28,21,False,ANA
2024020662,True,COL,25,27,1,6,21,24,False,MIN
2024020662,False,MIN,27,25,6,1,24,21,True,COL
2024020663,True,NYI,30,21,0,4,17,30,False,VGK
2024020663,False,VGK,21,30,4,0,30,17,False,NYI
2024020664,False,DET,15,28,3,5,23,12,False,CHI
2024020664,True,CHI,28,15,5,3,12,23,False,DET
2024020665,True,MTL,17,30,2,3,27,15,False,WSH
2024020665,False,WSH,30,17,3,2,15,27,False,MTL
2024020666,False,CAR,14,20,0,2,18,14,False,VAN
2024020666,True,VAN,20,14,2,0,14,18,True,CAR
2024020667,True,LAK,19,23,1,2,21,18,False,WPG
2024020667,False,WPG,23,19,2,1,18,21,False,LAK
2024020668,True,SJS,26,19,2,1,18,24,False,UTA
2024020668,False,UTA,19,26,1,2,24,18,False,SJS
2024020669,True,BOS,43,18,3,4,14,40,False,FLA
2024020669,False,FLA,18,43,4,3,40,14,False,BOS
2024020670,True,SEA,35,29,2,6,23,33,False,BUF
2024020670,False,BUF,29,35,6,2,33,23,False,SEA
2024020671,False,PIT,22,29,5,0,29,17,False,OTT
2024020671,True,OTT,29,22,0,5,17,29,False,PIT
2024020672,True,VAN,20,18,0,3,16,20,False,TOR
2024020672,False,TOR,18,20,3,0,20,16,True,VAN
2024020673,False,MTL,36,31,2,1,30,35,False,DAL
2024020673,True,DAL,31,36,1,2,35,30,True,MTL
2024020674,False,NJD,25,26,2,3,23,23,False,TBL
2024020674,True,TBL,26,25,3,2,23,23,False,NJD
2024020675,False,PHI,22,30,0,6,24,22,False,ANA
2024020675,True,ANA,30,22,6,0,22,24,False,PHI
2024020676,True,EDM,22,34,3,4,30,19,True,CHI
2024020676,False,CHI,34,22,4,3,19,30,False,EDM
2024020677,True,CBJ,32,30,1,2,28,31,False,STL
2024020677,False,STL,30,32,2,1,31,28,False,CBJ
2024020678,False,WPG,22,29,0,3,26,22,False,COL
2024020678,True,COL,29,22,3,0,22,26,True,WPG
2024020679,False,NSH,16,33,4,1,32,12,True,WSH
2024020679,True,WSH,33,16,1,4,12,32,False,NSH
2024020680,False,UTA,32,22,2,1,21,30,False,NYI
2024020680,True,NYI,22,32,1,2,30,21,True,UTA
2024020681,True,LAK,18,32,2,1,31,16,False,CGY
2024020681,False,CGY,32,18,1,2,16,31,True,LAK
2024020682,True,NYR,30,26,1,2,24,29,False,VGK
2024020682,False,VGK,26,30,2,1,29,24,False,NYR
2024020683,False,SJS,22,37,3,1,36,19,False,MIN
2024020683,True,MIN,37,22,1,3,19,36,True,SJS
2024020684,True,SEA,23,33,6,2,31,17,False,DET
2024020684,False,DET,33,23,2,6,17,31,True,SEA
2024020685,True,DAL,27,26,3,2,24,24,True,OTT
2024020685,False,OTT,26,27,2,3,24,24,True,DAL
2024020686,True,TBL,33,19,2,5,14,31,True,PIT
2024020686,False,PIT,19,33,5,2,31,14,True,TBL
2024020687,False,CAR,20,37,3,2,35,17,True,ANA
2024020687,True,ANA,37,20,2,3,17,35,False,CAR
2024020688,True,MIN,37,16,4,1,15,33,True,VGK
2024020688,False,VGK,16,37,1,4,33,15,True,MIN
2024020689,True,FLA,29,23,4,3,20,25,False,PHI
2024020689,False,PHI,23,29,3,4,25,20,False,FLA
2024020690,False,CHI,36,25,5,2,23,31,False,CGY
2024020690,True,CGY,25,36,2,5,31,23,False,CHI
2024020691,False,EDM,30,30,0,1,29,30,False,LAK
2024020691,True,LAK,30,30,1,0,30,29,False,EDM
2024020692,False,BOS,45,24,2,6,18,43,False,TBL
2024020692,True,TBL,24,45,6,2,43,18,False,BOS
2024020693,False,TOR,23,28,4,1,27,19,False,DAL
2024020693,True,DAL,28,23,1,4,19,27,False,TOR
2024020694,False,DET,24,28,6,3,25,18,False,SJS
2024020694,True,SJS,28,24,3,6,18,25,False,DET
2024020695,True,FLA,27,28,1,2,27,26,False,NJD
2024020695,False,NJD,28,27,2,1,26,27,True,FLA
2024020696,False,PIT,18,33,4,2,31,14,False,SEA
2024020696,True,SEA,33,18,2,4,14,31,False,PIT
2024020697,True,ANA,25,19,3,0,19,22,False,WSH
2024020697,False,WSH,19,25,0,3,22,19,False,ANA
2024020698,True,PHI,28,25,3,2,23,26,False,CBJ
2024020698,False,CBJ,25,28,2,3,26,23,True,PHI
2024020699,True,OTT,24,27,0,2,25,24,False,NYI
2024020699,False,NYI,27,24,2,0,24,25,False,OTT
2024020700,True,CGY,25,28,2,1,27,23,False,STL
2024020700,False,STL,28,25,1,2,23,27,True,CGY
2024020701,True,VGK,23,22,5,3,19,18,False,NSH
2024020701,False,NSH,22,23,3,5,18,19,False,VGK
2024020702,True,VAN,33,24,6,1,23,27,False,WPG
2024020702,False,WPG,24,33,1,6,27,23,False,VAN
2024020703,True,NYR,26,29,3,2,27,23,False,COL
2024020703,False,COL,29,26,2,3,23,27,False,NYR
2024020704,False,UTA,27,25,5,3,22,22,False,MTL
2024020704,True,MTL,25,27,3,5,22,22,False,UTA
2024020705,True,CAR,24,37,4,2,35,21,False,BUF
2024020705,False,BUF,37,24,2,4,21,35,False,CAR
2024020706,True,EDM,34,36,3,5,31,31,False,MIN
2024020706,False,MIN,36,34,5,3,31,31,False,EDM
2024020707,True,NJD,41,24,4,3,21,37,False,TOR
2024020707,False,TOR,24,41,3,4,37,21,False,NJD
2024020708,True,WSH,24,26,0,1,25,24,False,OTT
2024020708,False,OTT,26,24,1,0,24,25,False,WSH
2024020709,False,TBL,37,35,3,4,32,34,False,ANA
2024020709,True,ANA,35,37,4,3,34,32,False,TBL
2024020710,True,DET,43,20,2,5,15,41,False,FLA
2024020710,False,FLA,20,43,5,2,41,15,False,DET
2024020711,True,SJS,34,19,4,1,18,30,False,CBJ
2024020711,False,CBJ,19,34,1,4,30,18,False,SJS
2024020712,True,PHI,29,24,3,5,19,26,False,NYI
2024020712,False,NYI,24,29,5,3,26,19,False,PHI
2024020713,False,STL,29,29,1,4,25,28,False,CGY
2024020713,True,CGY,29,29,4,1,28,25,False,STL
2024020714,False,NSH,26,41,2,3,39,24,False,CHI
2024020714,True,CHI,41,26,3,2,24,39,False,NSH
2024020715,False,DAL,24,33,3,1,32,21,False,MTL
2024020715,True,MTL,33,24,1,3,21,32,False,DAL
2024020716,True,SEA,36,18,2,1,17,34,False,WPG
2024020716,False,WPG,18,36,1,2,34,17,False,SEA
2024020717,False,UTA,25,31,5,3,28,20,False,NYR
2024020717,True,NYR,31,25,3,5,20,28,False,UTA
2024020718,False,COL,28,25,4,3,22,24,True,EDM
2024020718,True,EDM,25,28,3,4,24,22,False,COL
2024020719,False,VAN,21,21,5,1,20,16,False,LAK
2024020719,True,LAK,21,21,1,5,16,20,False,VAN
2024020720,True,PIT,42,19,2,5,14,40,False,BUF
2024020720,False,BUF,19,42,5,2,40,14,False,PIT
2024020721,True,VGK,28,31,3,2,29,25,False,CAR
2024020721,False,CAR,31,28,2,3,25,29,False,VGK
2024020722,True,PHI,13,18,1,3,15,12,False,NJD
2024020722,False,NJD,18,13,3,1,12,15,False,PHI
2024020723,False,OTT,28,44,5,6,39,23,False,BOS
2024020723,True,BOS,44,28,6,5,23,39,False,OTT
2024020724,False,COL,29,36,3,6,30,26,False,DAL
2024020724,True,DAL,36,29,6,3,26,30,False,COL
2024020725,True,ANA,45,34,3,0,34,42,False,FLA
2024020725,False,FLA,34,45,0,3,42,34,False,ANA
2024020726,True,TOR,35,34,3,7,27,32,False,MTL
2024020726,False,MTL,34,35,7,3,32,27,False,TOR
2024020727,True,DET,22,39,5,1,38,17,False,TBL
2024020727,False,TBL,39,22,1,5,17,38,False,DET
2024020728,False,NYR,27,26,0,1,26,27,False,CBJ
2024020728,True,CBJ,26,27,1,0,27,26,False,NYR
2024020729,True,PIT,32,19,4,1,18,28,False,WSH
2024020729,False,WSH,19,32,1,4,28,18,True,PIT
2024020730,True,CGY,39,22,1,3,19,38,False,WPG
2024020730,False,WPG,22,39,3,1,38,19,False,CGY
2024020731,False,NYI,19,31,1,4,27,18,False,SJS
2024020731,True,SJS,31,19,4,1,18,27,False,NYI
2024020732,True,VGK,23,35,5,3,32,18,False,CHI
2024020732,False,CHI,35,23,3,5,18,32,True,VGK
2024020733,True,MIN,38,29,6,2,27,32,False,NSH
2024020733,False,NSH,29,38,2,6,32,27,False,MIN
2024020734,True,STL,33,24,4,2,22,29,False,UTA
2024020734,False,UTA,24,33,2,4,29,22,False,STL
2024020735,True,EDM,27,15,3,2,13,24,False,VAN
2024020735,False,VAN,15,27,2,3,24,13,False,EDM
2024020736,True,LAK,22,30,4,2,28,18,False,SEA
2024020736,False,SEA,30,22,2,4,18,28,False,LAK
2024020737,True,OTT,26,20,1,2,18,25,True,NJD
2024020737,False,NJD,20,26,2,1,25,18,True,OTT
2024020738,True,NYR,37,28,5,4,24,32,True,MTL
2024020738,False,MTL,28,37,4,5,32,24,True,NYR
2024020739,False,DAL,34,25,1,4,21,33,True,DET
2024020739,True,DET,25,34,4,1,33,21,True,DAL
2024020740,False,BOS,28,33,3,6,27,25,False,SJS
2024020740,True,SJS,33,28,6,3,25,27,False,BOS
2024020741,True,MIN,27,26,1,3,23,26,False,COL
2024020741,False,COL,26,27,3,1,26,23,False,MIN
2024020742,False,SEA,29,34,4,6,28,25,False,BUF
2024020742,True,BUF,34,29,6,4,25,28,False,SEA
2024020743,True,STL,32,28,4,5,24,28,False,VGK
2024020743,False,VGK,28,32,5,4,28,24,False,STL
2024020744,False,TOR,30,28,3,5,23,27,False,TBL
2024020744,True,TBL,28,30,5,3,27,23,False,TOR
2024020745,True,CBJ,25,26,3,1,25,22,False,NYI
2024020745,False,NYI,26,25,1,3,22,25,False,CBJ
2024020746,True,CAR,25,48,3,4,44,22,False,CHI
2024020746,False,CHI,48,25,4,3,22,44,False,CAR
2024020747,False,UTA,25,28,2,5,23,23,False,WPG
2024020747,True,WPG,28,25,5,2,23,23,False,UTA
2024020748,False,LAK,32,26,5,1,25,28,False,PIT
2024020748,True,PIT,26,32,1,5,28,25,False,LAK
2024020749,False,MTL,35,22,2,3,19,33,True,TBL
2024020749,True,TBL,22,35,3,2,33,19,False,MTL
2024020750,False,NYR,20,29,0,5,24,20,False,OTT
2024020750,True,OTT,29,20,5,0,20,24,False,NYR
2024020751,True,DET,26,28,2,1,27,24,False,PHI
2024020751,False,PHI,28,26,1,2,24,27,False,DET
2024020752,True,SJS,41,24,7,5,19,34,False,NSH
2024020752,False,NSH,24,41,5,7,34,19,True,SJS
2024020753,True,CAR,23,19,1,2,17,22,False,DAL
2024020753,False,DAL,19,23,2,1,22,17,True,CAR
2024020754,False,EDM,14,32,3,2,30,11,False,WSH
2024020754,True,WSH,32,14,2,3,11,30,False,EDM
2024020755,False,VAN,26,34,3,2,32,23,True,BUF
2024020755,True,BUF,34,26,2,3,23,32,False,VAN
2024020756,False,ANA,29,30,5,2,28,24,False,FLA
2024020756,True,FLA,30,29,2,5,24,28,False,ANA
2024020757,True,CBJ,29,19,1,5,14,28,False,TOR
2024020757,False,TOR,19,29,5,1,28,14,False,CBJ
2024020758,False,NJD,23,34,1,5,29,22,False,BOS
2024020758,True,BOS,34,23,5,1,22,29,False,NJD
2024020759,True,WPG,27,25,2,3,22,25,False,COL
2024020759,False,COL,25,27,3,2,25,22,False,WPG
2024020760,True,FLA,28,28,2,1,27,26,False,LAK
2024020760,False,LAK,28,28,1,2,26,27,True,FLA
2024020761,True,OTT,26,29,2,0,29,24,True,BOS
2024020761,False,BOS,29,26,0,2,24,29,False,OTT
2024020762,False,DET,29,45,2,4,41,27,False,MTL
2024020762,True,MTL,45,29,4,2,27,41,False,DET
2024020763,False,NYR,34,37,1,6,31,33,False,PHI
2024020763,True,PHI,37,34,6,1,33,31,False,NYR
2024020764,True,CBJ,43,22,7,4,18,36,False,CAR
2024020764,False,CAR,22,43,4,7,36,18,True,CBJ
2024020765,False,STL,31,17,4,2,15,27,False,VGK
2024020765,True,VGK,17,31,2,4,27,15,False,STL
2024020766,False,MIN,29,26,4,0,26,25,False,UTA
2024020766,True,UTA,26,29,0,4,25,26,False,MIN
2024020767,False,CGY,34,26,2,5,21,32,False,BUF
2024020767,True,BUF,26,34,5,2,32,21,False,CGY
2024020768,False,EDM,26,34,2,6,28,24,False,VAN
2024020768,True,VAN,34,26,6,2,24,28,False,EDM
2024020769,False,ANA,32,34,1,5,29,31,False,PIT
2024020769,True,PIT,34,32,5,1,31,29,False,ANA
2024020770,False,SEA,32,22,3,0,22,30,False,WSH
2024020770,True,WSH,22,32,0,3,30,22,False,SEA
2024020771,True,NSH,35,38,5,6,32,30,False,SJS
2024020771,False,SJS,38,35,6,5,30,32,False,NSH
2024020772,True,PHI,27,30,3,1,29,24,False,NYI
2024020772,False,NYI,30,27,1,3,24,29,True,PHI
2024020773,True,TBL,14,40,3,4,36,11,False,CHI
2024020773,False,CHI,40,14,4,3,11,36,False,TBL
2024020774,True,VGK,27,21,4,3,18,23,False,DAL
2024020774,False,DAL,21,27,3,4,23,18,True,VGK
2024020775,True,UTA,29,19,5,2,17,24,False,WPG
2024020775,False,WPG,19,29,2,5,24,17,True,UTA
2024020776,True,COL,15,28,3,1,27,12,False,BOS
2024020776,False,BOS,28,15,1,3,12,27,False,COL
2024020777,False,EDM,41,34,2,3,31,39,False,BUF
2024020777,True,BUF,34,41,3,2,39,31,False,EDM
2024020778,False,SEA,29,25,1,4,21,28,False,PIT
2024020778,True,PIT,25,29,4,1,28,21,False,SEA
2024020779,False,MTL,44,32,4,3,29,40,False,NJD
2024020779,True,NJD,32,44,3,4,40,29,False,MTL
2024020780,False,OTT,29,23,1,2,21,28,False,TOR
2024020780,True,TOR,23,29,2,1,28,21,False,OTT
2024020781,True,TBL,32,28,2,0,28,30,False,DET
2024020781,False,DET,28,32,0,2,30,28,True,TBL
2024020782,False,CBJ,33,24,2,3,21,31,False,LAK
2024020782,True,LAK,24,33,3,2,31,21,False,CBJ
2024020783,True,DAL,33,19,0,2,17,33,False,STL
2024020783,False,STL,19,33,2,0,33,17,True,DAL
2024020784,False,MIN,29,25,5,4,21,24,False,CGY
2024020784,True,CGY,25,29,4,5,24,21,False,MIN
2024020785,True,CAR,27,27,3,2,25,24,True,NYI
2024020785,False,NYI,27,27,2,3,24,25,False,CAR
2024020786,True,WSH,25,33,2,1,32,23,False,VAN
2024020786,False,VAN,33,25,1,2,23,32,False,WSH
2024020787,False,ANA,43,35,2,5,30,41,False,NSH
2024020787,True,NSH,35,43,5,2,41,30,False,ANA
2024020788,False,SJS,32,23,7,2,21,25,False,FLA
2024020788,True,FLA,23,32,2,7,25,21,False,SJS
2024020789,False,NYR,22,37,5,4,33,17,True,COL
2024020789,True,COL,37,22,4,5,17,33,False,NYR
2024020790,True,UTA,27,35,3,1,34,24,True,OTT
2024020790,False,OTT,35,27,1,3,24,34,False,UTA
2024020791,True,CGY,27,22,5,2,20,22,False,WPG
2024020791,False,WPG,22,27,2,5,22,20,True,CGY
2024020792,True,MIN,20,28,2,4,24,18,False,CHI
2024020792,False,CHI,28,20,4,2,18,24,True,MIN
2024020793,False,VGK,34,26,1,4,22,33,True,FLA
2024020793,True,FLA,26,34,4,1,33,22,False,VGK
2024020794,True,LAK,28,25,5,2,24,23,False,DET
2024020794,False,DET,25,28,2,5,23,24,False,LAK
2024020795,True,NJD,26,33,4,2,31,22,False,PHI
2024020795,False,PHI,33,26,2,4,22,31,False,NJD
2024020796,False,STL,30,26,5,2,24,25,False,VAN
2024020796,True,VAN,26,30,2,5,25,24,False,STL
2024020797,False,EDM,28,31,2,4,27,26,False,SEA
2024020797,True,SEA,31,28,4,2,26,27,False,EDM
2024020798,True,PIT,28,30,2,1,29,26,False,SJS
2024020798,False,SJS,30,28,1,2,26,29,False,PIT
2024020799,True,BOS,33,27,7,2,25,26,False,BUF
2024020799,False,BUF,27,33,2,7,26,25,False,BOS
2024020800,False,MTL,24,25,4,1,24,20,False,WPG
2024020800,True,WPG,25,24,1,4,20,24,False,MTL
2024020801,True,CHI,35,21,1,4,17,34,False,TBL
2024020801,False,TBL,21,35,4,1,34,17,False,CHI
2024020802,False,NYR,26,22,4,0,22,22,False,CAR
2024020802,True,CAR,22,26,0,4,22,22,False,NYR
2024020803,True,COL,28,32,5,2,30,23,False,NYI
2024020803,False,NYI,32,28,2,5,23,30,False,COL
2024020804,True,WSH,33,23,1,3,20,32,False,CGY
2024020804,False,CGY,23,33,3,1,32,20,False,WSH
2024020805,True,DAL,28,28,3,4,24,25,False,VGK
2024020805,False,VGK,28,28,4,3,25,24,False,DAL
2024020806,False,SEA,23,30,6,4,26,17,False,ANA
2024020806,True,ANA,30,23,4,6,17,26,True,SEA
2024020807,False,TOR,25,33,3,1,32,22,False,MIN
2024020807,True,MIN,33,25,1,3,22,32,False,TOR
2024020808,False,FLA,29,39,0,3,36,29,False,LAK
2024020808,True,LAK,39,29,3,0,29,36,False,FLA
2024020809,True,PHI,26,24,5,0,24,21,False,NJD
2024020809,False,NJD,24,26,0,5,21,24,False,PHI
2024020810,False,NSH,22,32,3,1,31,19,False,VAN
2024020810,True,VAN,32,22,1,3,19,31,False,NSH
2024020811,False,UTA,29,29,3,2,27,26,False,PIT
2024020811,True,PIT,29,29,2,3,26,27,False,UTA
2024020812,True,WPG,28,28,2,6,22,26,False,BOS
2024020812,False,BOS,28,28,6,2,26,22,False,WPG
2024020813,True,MIN,19,27,0,4,23,19,False,MTL
2024020813,False,MTL,27,19,4,0,19,23,True,MIN
2024020814,True,WSH,34,35,5,4,31,29,False,OTT
2024020814,False,OTT,35,34,4,5,29,31,False,WSH
2024020815,True,LAK,33,28,3,0,28,30,False,TBL
2024020815,False,TBL,28,33,0,3,30,28,True,LAK
2024020816,True,NYI,23,28,0,3,25,23,True,PHI
2024020816,False,PHI,28,23,3,0,23,25,False,NYI
2024020817,False,CAR,20,27,2,3,24,18,False,CHI
2024020817,True,CHI,27,20,3,2,18,24,False,CAR
2024020818,True,ANA,30,31,4,1,30,26,False,CGY
2024020818,False,CGY,31,30,1,4,26,30,False,ANA
2024020819,True,DET,47,35,2,3,33,45,False,EDM
2024020819,False,EDM,35,47,3,2,45,33,False,DET
2024020820,True,CBJ,26,24,1,2,22,25,False,VGK
2024020820,False,VGK,24,26,2,1,25,22,False,CBJ
2024020821,True,SJS,33,28,6,2,26,27,False,SEA
2024020821,False,SEA,28,33,2,6,27,26,False,SJS
2024020822,True,NSH,27,31,4,3,28,23,False,BUF
2024020822,False,BUF,31,27,3,4,23,28,False,NSH
2024020823,False,DAL,29,16,3,5,11,26,False,VAN
2024020823,True,VAN,16,29,5,3,26,11,False,DAL
2024020824,True,STL,36,19,5,0,19,31,False,COL
2024020824,False,COL,19,36,0,5,31,19,False,STL
2024020825,True,CBJ,34,23,2,3,20,32,False,UTA
2024020825,False,UTA,23,34,3,2,32,20,True,CBJ
2024020826,True,CHI,44,25,5,1,24,39,False,FLA
2024020826,False,FLA,25,44,1,5,39,24,False,CHI
2024020827,True,NYR,25,25,6,3,22,19,False,BOS
2024020827,False,BOS,25,25,3,6,19,22,False,NYR
2024020828,False,OTT,16,52,0,6,46,16,False,MIN
2024020828,True,MIN,52,16,6,0,16,46,False,OTT
2024020829,False,TBL,36,31,3,2,29,33,False,NYI
2024020829,True,NYI,31,36,2,3,33,29,False,TBL
2024020830,True,NSH,36,25,3,0,25,33,False,PIT
2024020830,False,PIT,25,36,0,3,33,25,True,NSH
2024020831,True,WPG,29,30,4,5,25,25,False,WSH
2024020831,False,WSH,30,29,5,4,25,25,False,WPG
2024020832,True,LAK,28,26,2,4,22,26,False,CAR
2024020832,False,CAR,26,28,4,2,26,22,False,LAK
2024020833,False,EDM,28,48,4,3,45,24,False,TOR
2024020833,True,TOR,48,28,3,4,24,45,False,EDM
2024020834,False,CGY,25,34,3,1,33,22,False,DET
2024020834,True,DET,34,25,1,3,22,33,False,CGY
2024020835,True,NJD,34,24,4,3,21,30,False,BUF
2024020835,False,BUF,24,34,3,4,30,21,False,NJD
2024020836,False,COL,24,32,0,2,30,24,False,PHI
2024020836,True,PHI,32,24,2,0,24,30,False,COL
2024020837,True,MTL,22,23,3,2,21,19,False,ANA
2024020837,False,ANA,23,22,2,3,19,21,False,MTL
2024020838,False,FLA,34,33,3,6,27,31,True,NYI
2024020838,True,NYI,33,34,6,3,31,27,True,FLA
2024020839,True,VGK,28,36,4,2,34,24,True,NYR
2024020839,False,NYR,36,28,2,4,24,34,False,VGK
2024020840,True,CBJ,39,30,5,3,27,34,False,DAL
2024020840,False,DAL,30,39,3,5,34,27,False,CBJ
2024020841,True,STL,25,29,1,2,27,24,False,UTA
2024020841,False,UTA,29,25,2,1,24,27,False,STL
2024020842,False,VAN,18,27,3,2,25,15,True,DET
2024020842,True,DET,27,18,2,3,15,25,False,VAN
2024020843,True,CGY,31,35,2,3,32,29,False,SEA
2024020843,False,SEA,35,31,3,2,29,32,True,CGY
2024020844,False,NSH,39,27,5,2,25,34,False,OTT
2024020844,True,OTT,27,39,2,5,34,25,False,NSH
2024020845,True,MIN,35,36,3,0,36,32,False,BOS
2024020845,False,BOS,36,35,0,3,32,36,False,MIN
2024020846,False,BUF,29,21,2,3,18,27,False,CBJ
2024020846,True,CBJ,21,29,3,2,27,18,False,BUF
2024020847,False,TBL,28,38,3,4,34,25,True,OTT
2024020847,True,OTT,38,28,4,3,25,34,False,TBL
2024020848,True,NJD,27,21,2,3,19,25,False,PIT
2024020848,False,PIT,21,27,3,2,25,19,False,NJD
2024020849,True,FLA,26,33,6,3,30,20,False,WSH
2024020849,False,WSH,33,26,3,6,20,30,False,FLA
2024020850,True,VGK,14,34,2,1,33,12,False,NYI
2024020850,False,NYI,34,14,1,2,12,33,False,VGK
2024020851,True,EDM,22,39,2,3,36,20,False,STL
2024020851,False,STL,39,22,3,2,20,36,False,EDM
2024020852,False,WPG,29,30,0,3,27,29,False,CAR
2024020852,True,CAR,30,29,3,0,29,27,False,WPG
2024020853,True,TOR,26,30,3,6,24,23,False,CGY
2024020853,False,CGY,30,26,6,3,23,24,False,TOR
2024020854,True,PHI,42,20,3,2,18,39,False,UTA
2024020854,False,UTA,20,42,2,3,39,18,False,PHI
2024020855,True,COL,31,25,3,0,25,28,False,VAN
2024020855,False,VAN,25,31,0,3,28,25,False,COL
2024020856,True,DAL,28,27,2,1,26,26,False,ANA
2024020856,False,ANA,27,28,1,2,26,26,False,DAL
2024020857,False,SEA,40,27,5,4,23,36,False,DET
2024020857,True,DET,27,40,4,5,36,23,False,SEA
2024020858,True,MTL,30,20,3,4,16,27,False,SJS
2024020858,False,SJS,20,30,4,3,27,16,False,MTL
2024020859,True,BOS,22,17,3,2,15,19,False,NYR
2024020859,False,NYR,17,22,2,3,19,15,True,BOS
2024020860,True,EDM,32,38,3,4,34,29,False,CHI
2024020860,False,CHI,38,32,4,3,29,34,True,EDM
2024020861,True,MTL,37,21,6,3,18,31,False,LAK
2024020861,False,LAK,21,37,3,6,31,18,True,MTL
