gameID,isHome_x,home_opponent,home_team,home_backToBack,home_goalsFor,home_goalsAgainst,home_shotsFor,home_shotsAgainst,home_teamSaves,home_opponentSaves,isHome_y,away_opponent,away_team,away_backToBack,away_goalsFor,away_goalsAgainst,away_shotsFor,away_shotsAgainst,away_teamSaves,away_opponentSaves
2024020001,True,NJD,BUF,False,1,4,31,23,19,30,False,BUF,NJD,False,4,1,23,31,30,19
2024020002,True,BUF,NJD,True,3,1,37,18,17,34,False,NJD,BUF,True,1,3,18,37,34,17
2024020003,True,STL,SEA,False,2,3,32,25,22,30,False,SEA,STL,False,3,2,25,32,30,22
2024020004,True,BOS,FLA,False,6,4,35,28,24,29,False,FLA,BOS,False,4,6,28,35,29,24
2024020005,True,CHI,UTA,False,5,2,27,26,24,22,False,UTA,CHI,False,2,5,26,27,22,24
2024020006,True,TOR,MTL,False,1,0,27,48,48,26,False,MTL,TOR,False,0,1,48,27,26,48
2024020007,True,NYR,PIT,False,0,6,31,40,34,31,False,PIT,NYR,False,6,0,40,31,31,34
2024020008,True,WPG,EDM,False,0,6,30,20,14,30,False,EDM,WPG,False,6,0,20,30,30,14
2024020009,True,CGY,VAN,False,5,6,24,26,20,19,False,VAN,CGY,False,6,5,26,24,19,20
2024020010,True,COL,VGK,False,8,4,21,32,28,13,False,VGK,COL,False,4,8,32,21,13,28
2024020011,True,MTL,BOS,False,6,4,29,24,20,23,False,BOS,MTL,True,4,6,24,29,23,20
2024020012,True,LAK,BUF,False,1,3,33,23,20,32,False,BUF,LAK,False,3,1,23,33,32,20
2024020013,True,FLA,OTT,False,3,1,31,32,31,28,False,OTT,FLA,False,1,3,32,31,28,31
2024020014,True,PIT,DET,False,3,6,32,28,22,29,False,DET,PIT,True,6,3,28,32,29,22
2024020015,True,TOR,NJD,False,2,4,23,22,18,21,False,NJD,TOR,True,4,2,22,23,21,18
2024020016,True,UTA,NYI,False,4,5,27,26,21,23,False,NYI,UTA,False,5,4,26,27,23,21
2024020017,True,DAL,NSH,False,3,4,36,20,16,33,False,NSH,DAL,False,4,3,20,36,33,16
2024020018,True,CBJ,MIN,False,3,2,26,33,31,23,False,MIN,CBJ,False,2,3,33,26,23,31
2024020019,True,STL,SJS,False,4,5,29,40,35,25,False,SJS,STL,False,5,4,40,29,25,35
2024020020,True,TBL,CAR,False,1,4,21,23,19,20,False,CAR,TBL,False,4,1,23,21,20,19
2024020021,True,CHI,WPG,False,2,1,35,26,25,33,False,WPG,CHI,False,1,2,26,35,33,25
2024020022,True,PHI,VAN,False,2,3,26,31,29,24,False,VAN,PHI,False,3,2,31,26,24,29
2024020023,True,STL,VGK,False,4,3,28,22,19,24,False,VGK,STL,True,3,4,22,28,24,19
2024020024,True,LAK,BOS,False,2,1,26,34,33,24,False,BOS,LAK,False,1,2,34,26,24,33
2024020025,True,FLA,BUF,False,5,2,27,25,23,22,False,BUF,FLA,False,2,5,25,27,22,23
2024020026,True,PIT,TOR,False,4,2,33,23,21,29,False,TOR,PIT,False,2,4,23,33,29,21
2024020027,True,OTT,MTL,False,4,1,26,25,24,22,False,MTL,OTT,False,1,4,25,26,22,24
2024020028,True,NSH,DET,False,3,0,22,42,42,19,False,DET,NSH,False,0,3,42,22,19,42
2024020029,True,CAR,TBL,False,3,2,33,31,29,30,False,TBL,CAR,False,2,3,31,33,30,29
2024020030,True,UTA,NYR,False,5,6,34,26,20,29,False,NYR,UTA,False,6,5,26,34,29,20
2024020031,True,NJD,WSH,False,3,5,32,33,28,29,False,WSH,NJD,False,5,3,33,32,29,28
2024020032,True,NYI,DAL,False,3,0,27,34,34,24,False,DAL,NYI,False,0,3,34,27,24,34
2024020033,True,SEA,MIN,False,4,5,38,34,30,34,False,MIN,SEA,False,5,4,34,38,34,30
2024020034,True,CBJ,COL,False,4,6,30,23,17,26,False,COL,CBJ,False,6,4,23,30,26,17
2024020035,True,PHI,CGY,False,6,3,32,40,37,26,False,CGY,PHI,True,3,6,40,32,26,37
2024020036,True,CHI,EDM,False,2,5,38,20,15,36,False,EDM,CHI,True,5,2,20,38,36,15
2024020037,True,ANA,SJS,False,0,2,30,30,28,30,False,SJS,ANA,False,2,0,30,30,30,28
2024020038,True,MIN,WPG,False,2,1,35,27,26,33,False,WPG,MIN,True,1,2,27,35,33,26
2024020039,True,SEA,DAL,True,2,0,23,25,25,21,False,DAL,SEA,True,0,2,25,23,21,25
2024020040,True,CGY,EDM,True,1,4,26,29,25,25,False,EDM,CGY,True,4,1,29,26,25,25
2024020041,True,ANA,VGK,False,3,1,32,23,22,29,False,VGK,ANA,True,1,3,23,32,29,22
2024020042,True,FLA,BOS,False,3,4,27,26,22,24,False,BOS,FLA,False,4,3,26,27,24,22
2024020043,True,LAK,OTT,False,8,7,41,26,19,33,False,OTT,LAK,False,7,8,26,41,33,19
2024020044,True,UTA,NJD,False,3,0,32,20,20,29,False,NJD,UTA,False,0,3,20,32,29,20
2024020045,True,DET,NYR,False,4,1,28,32,31,24,False,NYR,DET,False,1,4,32,28,24,31
2024020046,True,PIT,MTL,False,3,6,28,30,24,25,False,MTL,PIT,False,6,3,30,28,25,24
2024020047,True,NYI,COL,False,2,6,34,37,31,32,False,COL,NYI,False,6,2,37,34,32,31
2024020048,True,VAN,TBL,False,4,1,27,27,26,23,False,TBL,VAN,False,1,4,27,27,23,26
2024020049,True,VGK,WSH,False,4,2,22,26,24,18,False,WSH,VGK,False,2,4,26,22,18,24
2024020050,True,NJD,CAR,False,4,2,31,26,24,27,False,CAR,NJD,True,2,4,26,31,27,24
2024020051,True,FLA,CBJ,False,3,4,38,22,18,35,False,CBJ,FLA,True,4,3,22,38,35,18
2024020052,True,MIN,STL,False,1,4,28,27,23,27,False,STL,MIN,False,4,1,27,28,27,23
2024020053,True,SEA,NSH,False,3,7,33,35,28,30,False,NSH,SEA,False,7,3,35,33,30,28
2024020054,True,SJS,DAL,False,3,2,38,27,25,36,False,DAL,SJS,False,2,3,27,38,36,25
2024020055,True,CHI,CGY,False,3,1,27,32,31,24,False,CGY,CHI,False,1,3,32,27,24,31
2024020056,True,PHI,EDM,False,4,3,31,30,27,27,False,EDM,PHI,False,3,4,30,31,27,27
2024020057,True,BUF,PIT,False,6,5,43,33,28,37,False,PIT,BUF,False,5,6,33,43,37,28
2024020058,True,LAK,TOR,False,6,2,26,34,32,20,False,TOR,LAK,False,2,6,34,26,20,32
2024020059,True,BOS,COL,False,3,5,25,26,21,22,False,COL,BOS,False,5,3,26,25,22,21
2024020060,True,UTA,ANA,False,5,4,34,30,26,29,False,ANA,UTA,False,4,5,30,34,29,26
2024020061,True,LAK,MTL,False,1,4,27,32,28,26,False,MTL,LAK,True,4,1,32,27,26,28
2024020062,True,NJD,OTT,False,1,3,31,35,32,30,False,OTT,NJD,False,3,1,35,31,30,32
2024020063,True,NYR,DET,False,2,5,31,34,29,29,False,DET,NYR,False,5,2,34,31,29,29
2024020064,True,VGK,TBL,False,4,3,25,25,22,21,False,TBL,VGK,False,3,4,25,25,21,22
2024020065,True,VAN,FLA,False,2,3,28,33,30,26,False,FLA,VAN,False,3,2,33,28,26,30
2024020066,True,DAL,WSH,False,3,2,26,24,22,23,False,WSH,DAL,False,2,3,24,26,23,22
2024020067,True,BUF,CBJ,False,6,4,25,24,20,19,False,CBJ,BUF,True,4,6,24,25,19,20
2024020068,True,NYI,STL,False,1,0,30,34,34,29,False,STL,NYI,False,0,1,34,30,29,34
2024020069,True,EDM,NSH,False,2,4,27,36,32,25,False,NSH,EDM,False,4,2,36,27,25,32
2024020070,True,SJS,CHI,False,4,2,27,22,20,23,False,CHI,SJS,False,2,4,22,27,23,20
2024020071,True,PHI,SEA,False,6,4,29,25,21,23,False,SEA,PHI,False,4,6,25,29,23,21
2024020072,True,CAR,PIT,False,1,4,26,38,34,25,False,PIT,CAR,False,4,1,38,26,25,34
2024020073,True,SJS,WPG,False,8,3,36,22,19,28,False,WPG,SJS,True,3,8,22,36,28,19
2024020074,True,ANA,COL,False,4,3,49,19,16,45,False,COL,ANA,False,3,4,19,49,45,16
2024020075,True,TBL,OTT,False,5,4,28,29,25,23,False,OTT,TBL,False,4,5,29,28,23,25
2024020076,True,DET,NSH,False,2,5,39,24,19,37,False,NSH,DET,False,5,2,24,39,37,19
2024020077,True,EDM,DAL,False,4,1,24,31,30,20,False,DAL,EDM,False,1,4,31,24,20,30
2024020078,True,VGK,FLA,False,4,3,49,26,23,45,False,FLA,VGK,False,3,4,26,49,45,23
2024020079,True,NYR,TOR,False,1,4,35,29,25,34,False,TOR,NYR,False,4,1,29,35,34,25
2024020080,True,WSH,NJD,False,5,6,31,37,31,26,False,NJD,WSH,False,6,5,37,31,26,31
2024020081,True,MTL,NYI,False,4,3,36,24,21,33,False,NYI,MTL,False,3,4,24,36,33,21
2024020082,True,VAN,PHI,False,0,3,26,32,29,26,False,PHI,VAN,False,3,0,32,26,26,29
2024020083,True,MIN,CBJ,False,1,3,24,34,31,23,False,CBJ,MIN,False,3,1,34,24,23,31
2024020084,True,CAR,STL,False,4,3,19,40,37,15,False,STL,CAR,True,3,4,40,19,15,37
2024020085,True,BUF,CHI,False,2,4,37,22,18,35,False,CHI,BUF,False,4,2,22,37,35,18
2024020086,True,BOS,UTA,False,2,1,32,22,21,30,False,UTA,BOS,False,1,2,22,32,30,21
2024020087,True,CGY,SEA,False,2,1,23,22,21,21,False,SEA,CGY,False,1,2,22,23,21,21
2024020088,True,PIT,WPG,False,6,3,37,42,39,31,False,WPG,PIT,False,3,6,42,37,31,39
2024020089,True,COL,SJS,False,1,4,26,22,18,25,False,SJS,COL,False,4,1,22,26,25,18
2024020090,True,LAK,ANA,False,1,4,14,36,32,13,False,ANA,LAK,False,4,1,36,14,13,32
2024020091,True,TBL,TOR,False,5,2,29,34,32,24,False,TOR,TBL,False,2,5,34,29,24,32
2024020092,True,WSH,PHI,False,1,4,18,29,25,17,False,PHI,WSH,False,4,1,29,18,17,25
2024020093,True,MIN,FLA,False,1,5,25,22,17,24,False,FLA,MIN,False,5,1,22,25,24,17
2024020094,True,TBL,NJD,False,5,8,35,37,29,30,False,NJD,TBL,True,8,5,37,35,30,29
2024020095,True,DAL,BUF,False,4,2,25,30,28,21,False,BUF,DAL,False,2,4,30,25,21,28
2024020096,True,NYR,MTL,False,2,7,23,45,38,21,False,MTL,NYR,False,7,2,45,23,21,38
2024020097,True,TOR,CBJ,False,6,2,38,28,26,32,False,CBJ,TOR,True,2,6,28,38,32,26
2024020098,True,DET,NYI,False,0,1,30,11,10,30,False,NYI,DET,False,1,0,11,30,30,10
2024020099,True,WPG,STL,False,2,3,29,24,21,27,False,STL,WPG,False,3,2,24,29,27,21
2024020100,True,VAN,CHI,False,3,6,34,30,24,31,False,CHI,VAN,False,6,3,30,34,31,24
2024020101,True,BOS,NSH,False,4,0,42,33,33,38,False,NSH,BOS,False,0,4,33,42,38,33
2024020102,True,PIT,CGY,False,4,3,25,38,35,22,False,CGY,PIT,False,3,4,38,25,22,35
2024020103,True,CAR,EDM,False,2,3,35,33,30,33,False,EDM,CAR,False,3,2,33,35,33,30
2024020104,True,OTT,UTA,False,0,4,31,22,18,31,False,UTA,OTT,False,4,0,22,31,31,18
2024020105,True,SJS,ANA,False,3,1,40,28,27,37,False,ANA,SJS,False,1,3,28,40,37,27
2024020106,True,COL,SEA,False,2,3,27,28,25,25,False,SEA,COL,False,3,2,28,27,25,25
2024020107,True,LAK,VGK,False,6,1,30,35,34,24,False,VGK,LAK,False,1,6,35,30,24,34
2024020108,True,PHI,WSH,True,6,3,25,29,26,19,False,WSH,PHI,True,3,6,29,25,19,26
2024020109,True,DAL,BOS,False,2,5,27,32,27,25,False,BOS,DAL,False,5,2,32,27,25,27
2024020110,True,STL,TOR,False,1,5,41,27,22,40,False,TOR,STL,False,5,1,27,41,40,22
2024020111,True,NJD,DET,False,5,3,20,40,37,15,False,DET,NJD,False,3,5,40,20,15,37
2024020112,True,MIN,TBL,False,2,4,26,18,14,24,False,TBL,MIN,False,4,2,18,26,24,14
2024020113,True,FLA,NYR,False,1,3,25,29,26,24,False,NYR,FLA,False,3,1,29,25,24,26
2024020114,True,CAR,CGY,False,2,4,32,43,39,30,False,CGY,CAR,False,4,2,43,32,30,39
2024020115,True,COL,UTA,False,1,5,26,26,21,25,False,UTA,COL,False,5,1,26,26,25,21
2024020116,True,WPG,SEA,False,3,4,32,36,32,29,False,SEA,WPG,False,4,3,36,32,29,32
2024020117,True,SJS,LAK,False,3,2,30,26,24,27,False,LAK,SJS,False,2,3,26,30,27,24
2024020118,True,OTT,VGK,False,6,4,28,39,35,22,False,VGK,OTT,False,4,6,39,28,22,35
2024020119,True,NYI,NJD,True,3,4,36,30,26,33,False,NJD,NYI,False,4,3,30,36,33,26
2024020120,True,NSH,CHI,False,2,3,29,34,31,27,False,CHI,NSH,False,3,2,34,29,27,31
2024020121,True,PIT,EDM,False,4,0,50,27,27,46,False,EDM,PIT,False,0,4,27,50,46,27
2024020122,True,DET,BUF,False,5,3,39,25,22,34,False,BUF,DET,False,3,5,25,39,34,22
2024020123,True,MIN,PHI,False,7,5,23,26,21,16,False,PHI,MIN,False,5,7,26,23,16,21
2024020124,True,UTA,LAK,False,3,2,23,26,24,20,False,LAK,UTA,False,2,3,26,23,20,24
2024020125,True,TOR,BOS,False,4,3,34,23,20,30,False,BOS,TOR,False,3,4,23,34,30,20
2024020126,True,STL,MTL,False,5,2,26,31,29,21,False,MTL,STL,False,2,5,31,26,21,29
2024020127,True,WSH,TBL,False,3,0,21,32,32,18,False,TBL,WSH,False,0,3,32,21,18,32
2024020128,True,ANA,NYR,False,2,1,32,33,32,30,False,NYR,ANA,False,1,2,33,32,30,32
2024020129,True,WPG,CGY,False,3,5,29,35,30,26,False,CGY,WPG,False,5,3,35,29,26,30
2024020130,True,FLA,NYI,True,3,6,28,29,23,25,False,NYI,FLA,False,6,3,29,28,25,23
2024020131,True,CBJ,NSH,True,4,3,33,28,25,29,False,NSH,CBJ,False,3,4,28,33,29,25
2024020132,True,CHI,DAL,False,4,2,30,24,22,26,False,DAL,CHI,True,2,4,24,30,26,22
2024020133,True,PIT,VAN,False,4,3,34,24,21,30,False,VAN,PIT,True,3,4,24,34,30,21
2024020134,True,SJS,VGK,True,7,3,42,26,23,35,False,VGK,SJS,False,3,7,26,42,35,23
2024020135,True,CAR,SEA,False,1,4,19,39,35,18,False,SEA,CAR,False,4,1,39,19,18,35
2024020136,True,EDM,DET,True,2,3,26,34,31,24,False,DET,EDM,False,3,2,34,26,24,31
2024020137,True,ANA,NJD,False,6,2,34,26,24,28,False,NJD,ANA,True,2,6,26,34,28,24
2024020138,True,MTL,PHI,True,3,4,26,24,20,23,False,PHI,MTL,True,4,3,24,26,23,20
2024020139,True,OTT,COL,False,5,4,32,30,26,27,False,COL,OTT,False,4,5,30,32,27,26
2024020140,True,FLA,BUF,False,2,5,28,31,26,26,False,BUF,FLA,False,5,2,31,28,26,26
2024020141,True,NSH,TBL,False,3,2,27,37,35,24,False,TBL,NSH,False,2,3,37,27,24,35
2024020142,True,EDM,CBJ,False,6,1,25,32,31,19,False,CBJ,EDM,True,1,6,32,25,19,31
2024020143,True,TOR,WPG,False,4,6,23,36,30,19,False,WPG,TOR,False,6,4,36,23,19,30
2024020144,True,CHI,COL,True,2,5,26,26,21,24,False,COL,CHI,False,5,2,26,26,24,21
2024020145,True,SJS,UTA,False,4,5,23,46,41,19,False,UTA,SJS,False,5,4,46,23,19,41
2024020146,True,CAR,VAN,False,3,4,27,32,28,24,False,VAN,CAR,False,4,3,32,27,24,28
2024020147,True,CGY,VGK,False,5,0,38,16,16,33,False,VGK,CGY,False,0,5,16,38,33,16
2024020148,True,PHI,BOS,False,0,2,25,19,17,25,False,BOS,PHI,False,2,0,19,25,25,17
2024020149,True,SEA,MTL,False,2,8,30,23,15,28,False,MTL,SEA,False,8,2,23,30,28,15
2024020150,True,STL,OTT,False,8,1,35,27,26,27,False,OTT,STL,False,1,8,27,35,27,26
2024020151,True,NYR,WSH,False,5,3,46,19,16,41,False,WSH,NYR,False,3,5,19,46,41,16
2024020152,True,ANA,NYI,False,1,3,41,22,19,40,False,NYI,ANA,False,3,1,22,41,40,19
2024020153,True,MIN,PIT,False,3,5,29,40,35,26,False,PIT,MIN,False,5,3,40,29,26,35
2024020154,True,LAK,SJS,True,4,2,21,28,26,17,False,SJS,LAK,False,2,4,28,21,17,26
2024020155,True,NYI,CBJ,False,2,0,26,26,26,24,False,CBJ,NYI,True,0,2,26,26,24,26
2024020156,True,WPG,DET,False,2,6,21,29,23,19,False,DET,WPG,False,6,2,29,21,19,23
2024020157,True,TBL,COL,False,2,5,35,21,16,33,False,COL,TBL,False,5,2,21,35,33,16
2024020158,True,CGY,UTA,False,5,1,28,31,30,23,False,UTA,CGY,False,1,5,31,28,23,30
2024020159,True,NJD,VAN,False,0,6,20,22,16,20,False,VAN,NJD,False,6,0,22,20,20,16
2024020160,True,VGK,LAK,True,6,3,27,26,23,21,False,LAK,VGK,False,3,6,26,27,21,23
2024020161,True,SEA,TOR,False,4,1,30,25,24,26,False,TOR,SEA,False,1,4,25,30,26,24
2024020162,True,STL,PHI,False,2,1,21,21,20,19,False,PHI,STL,False,1,2,21,21,19,20
2024020163,True,ANA,PIT,False,2,1,45,23,22,43,False,PIT,ANA,False,1,2,23,45,43,22
2024020164,True,MTL,WSH,False,6,3,34,15,12,28,False,WSH,MTL,False,3,6,15,34,28,12
2024020165,True,BOS,CAR,False,8,2,37,15,13,29,False,CAR,BOS,False,2,8,15,37,29,13
2024020166,True,EDM,NSH,False,1,5,27,29,24,26,False,NSH,EDM,False,5,1,29,27,26,24
2024020167,True,CHI,SJS,False,3,2,29,29,27,26,False,SJS,CHI,False,2,3,29,29,26,27
2024020168,True,FLA,DAL,False,4,6,36,28,22,32,False,DAL,FLA,False,6,4,28,36,32,22
2024020169,True,NYI,BUF,False,3,4,35,36,32,32,False,BUF,NYI,False,4,3,36,35,32,32
2024020170,True,OTT,NYR,False,2,1,18,41,40,16,False,NYR,OTT,False,1,2,41,18,16,40
2024020171,True,WPG,CBJ,False,2,6,22,44,38,20,False,CBJ,WPG,False,6,2,44,22,20,38
2024020172,True,TBL,MIN,False,5,3,22,30,27,17,False,MIN,TBL,False,3,5,30,22,17,27
2024020173,True,NJD,CGY,False,3,0,32,22,22,29,False,CGY,NJD,False,0,3,22,32,29,22
2024020174,True,DAL,FLA,True,4,2,25,25,23,21,False,FLA,DAL,True,2,4,25,25,21,23
2024020175,True,BOS,PHI,False,0,3,20,31,28,20,False,PHI,BOS,False,3,0,31,20,20,28
2024020176,True,CHI,LAK,False,3,4,40,21,18,37,False,LAK,CHI,False,4,3,21,40,37,18
2024020177,True,CBJ,WSH,False,7,2,22,36,34,15,False,WSH,CBJ,True,2,7,36,22,15,34
2024020178,True,SEA,OTT,True,3,0,23,22,22,20,False,OTT,SEA,False,0,3,22,23,20,22
2024020179,True,BUF,DET,False,2,1,23,32,31,21,False,DET,BUF,True,1,2,32,23,21,31
2024020180,True,MTL,PIT,False,3,1,24,26,25,21,False,PIT,MTL,False,1,3,26,24,21,25
2024020181,True,TOR,STL,False,4,2,24,37,35,20,False,STL,TOR,False,2,4,37,24,20,35
2024020182,True,COL,NSH,False,5,2,26,31,29,21,False,NSH,COL,False,2,5,31,26,21,29
2024020183,True,UTA,VGK,False,4,3,35,19,16,31,False,VGK,UTA,False,3,4,19,35,31,16
2024020184,True,VAN,SJS,False,2,3,23,28,25,21,False,SJS,VAN,False,3,2,28,23,21,25
2024020185,True,NYI,NYR,False,5,2,40,37,35,35,False,NYR,NYI,False,2,5,37,40,35,35
2024020186,True,TBL,WPG,False,7,4,34,30,26,27,False,WPG,TBL,False,4,7,30,34,27,26
2024020187,True,SEA,BOS,True,2,0,33,23,23,31,False,BOS,SEA,True,0,2,23,33,31,23
2024020188,True,WSH,CAR,False,4,2,45,21,19,41,False,CAR,WSH,True,2,4,21,45,41,19
2024020189,True,TOR,MIN,False,2,1,33,28,27,31,False,MIN,TOR,True,1,2,28,33,31,27
2024020190,True,EDM,CGY,False,2,4,31,31,27,29,False,CGY,EDM,False,4,2,31,31,29,27
2024020191,True,CHI,ANA,False,2,4,40,29,25,38,False,ANA,CHI,True,4,2,29,40,38,25
2024020192,True,LAK,NSH,False,0,3,16,27,24,16,False,NSH,LAK,False,3,0,27,16,16,24
2024020193,True,NJD,EDM,True,0,3,31,16,13,31,False,EDM,NJD,False,3,0,16,31,31,13
2024020194,True,OTT,BUF,False,5,1,34,38,37,29,False,BUF,OTT,False,1,5,38,34,29,37
2024020195,True,BOS,TOR,False,4,0,27,29,29,23,False,TOR,BOS,False,0,4,29,27,23,29
2024020196,True,CGY,MTL,False,2,3,24,35,32,22,False,MTL,CGY,False,3,2,35,24,22,32
2024020197,True,PHI,CAR,False,6,4,35,16,12,29,False,CAR,PHI,False,4,6,16,35,29,12
2024020198,True,PIT,NYI,False,4,3,26,35,32,23,False,NYI,PIT,False,3,4,35,26,23,32
2024020199,True,TBL,STL,False,3,2,23,23,21,20,False,STL,TBL,False,2,3,23,23,20,21
2024020200,True,LAK,MIN,False,1,5,24,28,23,23,False,MIN,LAK,True,5,1,28,24,23,23
2024020201,True,UTA,WPG,False,3,0,28,21,21,25,False,WPG,UTA,False,0,3,21,28,25,21
2024020202,True,SEA,COL,False,6,3,32,20,17,26,False,COL,SEA,False,3,6,20,32,26,17
2024020203,True,VAN,ANA,False,1,5,22,37,32,21,False,ANA,VAN,False,5,1,37,22,21,32
2024020204,True,CBJ,SJS,False,2,1,27,50,49,25,False,SJS,CBJ,False,1,2,50,27,25,49
2024020205,True,NSH,WSH,False,3,2,36,35,33,33,False,WSH,NSH,False,2,3,35,36,33,33
2024020206,True,DET,CHI,False,1,4,29,25,21,28,False,CHI,DET,False,4,1,25,29,28,21
2024020207,True,VGK,EDM,False,2,4,29,35,31,27,False,EDM,VGK,False,4,2,35,29,27,31
2024020208,True,CGY,BOS,False,4,3,38,37,34,34,False,BOS,CGY,False,3,4,37,38,34,34
2024020209,True,NYI,OTT,False,2,4,30,25,21,28,False,OTT,NYI,False,4,2,25,30,28,21
2024020210,True,PHI,TBL,False,1,2,23,31,30,22,False,TBL,PHI,False,2,1,31,23,22,30
2024020211,True,NSH,FLA,False,6,2,34,18,16,28,False,FLA,NSH,True,2,6,18,34,28,16
2024020212,True,MTL,NJD,False,5,3,27,24,21,22,False,NJD,MTL,False,3,5,24,27,22,21
2024020213,True,BUF,NYR,False,1,6,26,22,16,25,False,NYR,BUF,False,6,1,22,26,25,16
2024020214,True,PIT,CAR,False,5,1,18,36,35,13,False,CAR,PIT,False,1,5,36,18,13,35
2024020215,True,UTA,STL,False,2,4,15,31,27,13,False,STL,UTA,False,4,2,31,15,13,27
2024020216,True,CHI,DAL,False,3,1,40,26,25,37,False,DAL,CHI,True,1,3,26,40,37,25
2024020217,True,COL,WPG,False,1,0,28,35,35,27,False,WPG,COL,False,0,1,35,28,27,35
2024020218,True,VAN,LAK,False,2,4,28,23,20,26,False,LAK,VAN,False,4,2,23,28,26,20
2024020219,True,MIN,SJS,False,2,5,26,31,26,24,False,SJS,MIN,False,5,2,31,26,24,26
2024020220,True,DET,TOR,False,3,1,20,22,21,17,False,TOR,DET,False,1,3,22,20,17,21
2024020221,True,PIT,WSH,False,2,4,34,32,28,32,False,WSH,PIT,True,4,2,32,34,32,28
2024020222,True,MIN,ANA,False,2,5,35,31,26,33,False,ANA,MIN,True,5,2,31,35,33,26
2024020223,True,VGK,SEA,False,4,3,32,24,21,28,False,SEA,VGK,False,3,4,24,32,28,21
2024020224,True,CGY,BUF,False,3,2,19,26,24,17,False,BUF,CGY,False,2,3,26,19,17,24
2024020225,True,PHI,FLA,False,4,3,31,37,34,28,False,FLA,PHI,False,3,4,37,31,28,34
2024020226,True,OTT,BOS,False,2,3,16,34,31,14,False,BOS,OTT,False,3,2,34,16,14,31
2024020227,True,MTL,TOR,True,4,1,27,21,20,23,False,TOR,MTL,False,1,4,21,27,23,20
2024020228,True,NYR,DET,True,0,4,37,24,20,37,False,DET,NYR,False,4,0,24,37,37,20
2024020229,True,WSH,STL,False,1,8,25,27,19,24,False,STL,WSH,True,8,1,27,25,24,19
2024020230,True,DAL,WPG,False,4,1,25,33,32,21,False,WPG,DAL,False,1,4,33,25,21,32
2024020231,True,NJD,NYI,False,3,4,22,33,29,19,False,NYI,NJD,False,4,3,33,22,19,29
2024020232,True,UTA,NSH,False,4,0,21,27,27,17,False,NSH,UTA,False,0,4,27,21,17,27
2024020233,True,CAR,COL,False,6,4,29,31,27,23,False,COL,CAR,False,4,6,31,29,23,27
2024020234,True,CBJ,LAK,False,5,2,23,26,24,18,False,LAK,CBJ,False,2,5,26,23,18,24
2024020235,True,EDM,VAN,False,3,7,20,31,24,17,False,VAN,EDM,False,7,3,31,20,17,24
2024020236,True,SJS,NJD,True,0,1,44,27,26,44,False,NJD,SJS,False,1,0,27,44,44,26
2024020237,True,MIN,CHI,False,2,1,22,33,32,20,False,CHI,MIN,False,1,2,33,22,20,32
2024020238,True,CBJ,ANA,False,4,2,30,40,38,26,False,ANA,CBJ,True,2,4,40,30,26,38
2024020239,True,MTL,BUF,False,5,7,18,23,16,13,False,BUF,MTL,False,7,5,23,18,13,16
2024020240,True,SJS,PHI,False,4,3,43,31,28,40,False,PHI,SJS,True,3,4,31,43,40,28
2024020241,True,DAL,PIT,False,1,7,21,40,33,20,False,PIT,DAL,False,7,1,40,21,20,33
2024020242,True,LAK,CGY,False,3,1,28,29,28,25,False,CGY,LAK,False,1,3,29,28,25,28
2024020243,True,NSH,COL,False,3,2,32,30,28,29,False,COL,NSH,False,2,3,30,32,29,28
2024020244,True,CAR,VGK,False,2,5,32,34,29,30,False,VGK,CAR,False,5,2,34,32,30,29
2024020245,True,OTT,TOR,False,0,3,27,41,38,27,False,TOR,OTT,False,3,0,41,27,27,38
2024020246,True,NJD,FLA,False,1,4,35,24,20,34,False,FLA,NJD,False,4,1,24,35,34,20
2024020247,True,WPG,NYR,False,3,6,36,33,27,33,False,NYR,WPG,False,6,3,33,36,33,27
2024020248,True,BOS,STL,False,2,3,22,30,27,20,False,STL,BOS,False,3,2,30,22,20,27
2024020249,True,NYI,EDM,False,4,3,42,22,19,38,False,EDM,NYI,False,3,4,22,42,38,19
2024020250,True,CGY,VAN,False,3,1,32,29,28,29,False,VAN,CGY,True,1,3,29,32,29,28
2024020251,True,CBJ,SEA,False,5,2,33,40,38,28,False,SEA,CBJ,False,2,5,40,33,28,38
2024020252,True,DET,PIT,False,2,3,33,31,28,31,False,PIT,DET,False,3,2,31,33,31,28
2024020253,True,TOR,WSH,False,3,4,27,34,30,24,False,WSH,TOR,True,4,3,34,27,24,30
2024020254,True,CAR,UTA,False,4,1,21,50,49,17,False,UTA,CAR,False,1,4,50,21,17,49
2024020255,True,LAK,COL,False,4,2,26,15,13,22,False,COL,LAK,False,2,4,15,26,22,13
2024020256,True,VGK,ANA,False,2,3,24,39,36,22,False,ANA,VGK,False,3,2,39,24,22,36
2024020257,True,STL,BUF,False,4,3,33,27,24,29,False,BUF,STL,False,3,4,27,33,29,24
2024020258,True,PHI,OTT,False,4,5,37,19,14,33,False,OTT,PHI,False,5,4,19,37,33,14
2024020259,True,WPG,TBL,False,4,1,29,24,23,25,False,TBL,WPG,False,1,4,24,29,25,23
2024020260,True,NJD,FLA,False,2,6,27,29,23,25,False,FLA,NJD,False,6,2,29,27,25,23
2024020261,True,SJS,NYR,False,3,2,35,27,25,32,False,NYR,SJS,False,2,3,27,35,32,25
2024020262,True,BOS,DAL,False,7,2,38,25,23,31,False,DAL,BOS,False,2,7,25,38,31,23
2024020263,True,MTL,MIN,False,3,0,28,19,19,25,False,MIN,MTL,False,0,3,19,28,25,19
2024020264,True,NSH,EDM,False,3,2,34,22,20,31,False,EDM,NSH,False,2,3,22,34,31,20
2024020265,True,NYI,VAN,False,2,5,26,32,27,24,False,VAN,NYI,False,5,2,32,26,24,27
2024020266,True,CHI,SEA,False,3,1,26,19,18,23,False,SEA,CHI,False,1,3,19,26,23,18
2024020267,True,PIT,CBJ,False,6,2,39,23,21,33,False,CBJ,PIT,False,2,6,23,39,33,21
2024020268,True,WSH,COL,False,2,5,19,20,15,17,False,COL,WSH,False,5,2,20,19,17,15
2024020269,True,NSH,CGY,False,2,0,33,29,29,31,False,CGY,NSH,True,0,2,29,33,31,29
2024020270,True,VGK,UTA,False,2,4,32,29,25,30,False,UTA,VGK,False,4,2,29,32,30,25
2024020271,True,DET,ANA,False,6,4,29,25,21,23,False,ANA,DET,False,4,6,25,29,23,21
2024020272,True,STL,BOS,False,2,3,18,31,28,16,False,BOS,STL,False,3,2,31,18,16,28
2024020273,True,NYI,SEA,False,3,2,27,24,22,24,False,SEA,NYI,False,2,3,24,27,24,22
2024020274,True,EDM,TOR,False,4,3,22,30,27,18,False,TOR,EDM,False,3,4,30,22,18,27
2024020275,True,CBJ,MTL,False,5,1,30,26,25,25,False,MTL,CBJ,True,1,5,26,30,25,25
2024020276,True,NJD,TBL,False,4,0,26,29,29,23,False,TBL,NJD,False,0,4,29,26,23,29
2024020277,True,WPG,FLA,False,5,0,31,27,27,26,False,FLA,WPG,False,0,5,27,31,26,27
2024020278,True,BUF,PHI,False,5,2,32,25,23,27,False,PHI,BUF,False,2,5,25,32,27,23
2024020279,True,SJS,PIT,True,4,3,36,29,26,33,False,PIT,SJS,False,3,4,29,36,33,26
2024020280,True,OTT,CAR,False,4,0,28,24,24,24,False,CAR,OTT,False,0,4,24,28,24,24
2024020281,True,DAL,MIN,False,1,2,23,40,38,22,False,MIN,DAL,False,2,1,40,23,22,38
2024020282,True,DET,LAK,False,4,1,41,18,17,37,False,LAK,DET,True,1,4,18,41,37,17
2024020283,True,CHI,VAN,False,4,1,33,29,28,29,False,VAN,CHI,False,1,4,29,33,29,28
2024020284,True,STL,CAR,True,4,1,24,30,29,20,False,CAR,STL,True,1,4,30,24,20,29
2024020285,True,NSH,VAN,True,3,5,27,22,17,24,False,VAN,NSH,False,5,3,22,27,24,17
2024020286,True,WSH,VGK,False,2,5,42,25,20,40,False,VGK,WSH,False,5,2,25,42,40,20
2024020287,True,NYR,SEA,True,0,2,24,23,21,24,False,SEA,NYR,False,2,0,23,24,24,21
2024020288,True,CBJ,BOS,False,1,5,29,28,23,28,False,BOS,CBJ,False,5,1,28,29,28,23
2024020289,True,COL,PHI,False,2,3,26,29,26,24,False,PHI,COL,False,3,2,29,26,24,26
2024020290,True,EDM,MTL,False,3,0,25,30,30,22,False,MTL,EDM,False,0,3,30,25,22,30
2024020291,True,ANA,DAL,False,2,4,36,27,23,34,False,DAL,ANA,False,4,2,27,36,34,23
2024020292,True,WSH,UTA,False,2,6,26,24,18,24,False,UTA,WSH,True,6,2,24,26,24,18
2024020293,True,DET,SJS,False,5,4,34,20,17,29,False,SJS,DET,False,4,5,20,34,29,17
2024020294,True,EDM,OTT,False,2,5,29,31,26,27,False,OTT,EDM,True,5,2,31,29,27,26
2024020295,True,TBL,PIT,False,2,3,19,35,32,17,False,PIT,TBL,False,3,2,35,19,17,32
2024020296,True,MIN,STL,False,2,4,24,28,24,22,False,STL,MIN,False,4,2,28,24,22,24
2024020297,True,FLA,WPG,False,6,3,27,23,20,21,False,WPG,FLA,False,3,6,23,27,21,20
2024020298,True,ANA,CHI,False,2,3,20,24,21,18,False,CHI,ANA,True,3,2,24,20,18,21
2024020299,True,NYI,CGY,False,2,1,31,29,28,30,False,CGY,NYI,False,1,2,29,31,30,28
2024020300,True,NYR,VAN,False,3,4,24,33,29,21,False,VAN,NYR,False,4,3,33,24,21,29
2024020301,True,VGK,TOR,False,3,0,26,31,31,23,False,TOR,VGK,False,0,3,31,26,23,31
2024020302,True,CAR,PHI,False,1,4,19,37,33,18,False,PHI,CAR,False,4,1,37,19,18,33
2024020303,True,SJS,DAL,False,5,2,31,23,21,26,False,DAL,SJS,False,2,5,23,31,26,21
2024020304,True,NSH,SEA,False,3,0,37,24,24,34,False,SEA,NSH,False,0,3,24,37,34,24
2024020305,True,BUF,LAK,False,0,1,23,19,18,23,False,LAK,BUF,False,1,0,19,23,23,18
2024020306,True,UTA,BOS,False,1,0,31,22,22,30,False,BOS,UTA,False,0,1,22,31,30,22
2024020307,True,VGK,OTT,False,2,3,40,32,29,38,False,OTT,VGK,True,3,2,32,40,38,29
2024020308,True,NYI,DET,False,2,1,31,23,22,29,False,DET,NYI,False,1,2,23,31,29,22
2024020309,True,CAR,NJD,False,4,2,21,22,20,17,False,NJD,CAR,True,2,4,22,21,17,20
2024020310,True,COL,WSH,False,1,2,29,27,25,28,False,WSH,COL,False,2,1,27,29,28,25
2024020311,True,TBL,CBJ,False,7,6,43,30,24,36,False,CBJ,TBL,False,6,7,30,43,36,24
2024020312,True,SJS,STL,False,3,2,31,24,22,29,False,STL,SJS,True,2,3,24,31,29,22
2024020313,True,FLA,CHI,False,3,1,20,33,32,17,False,CHI,FLA,False,1,3,33,20,17,32
2024020314,True,NYR,CGY,False,3,2,49,29,27,46,False,CGY,NYR,False,2,3,29,49,46,27
2024020315,True,MIN,EDM,False,3,5,31,26,21,28,False,EDM,MIN,False,5,3,26,31,28,21
2024020316,True,WPG,PIT,False,1,4,18,30,26,17,False,PIT,WPG,False,4,1,30,18,17,26
2024020317,True,BUF,ANA,False,2,3,24,32,30,22,False,ANA,BUF,False,3,2,32,24,22,30
2024020318,True,CHI,PHI,False,3,2,37,21,19,34,False,PHI,CHI,False,2,3,21,37,34,19
2024020319,True,MIN,CGY,False,4,3,31,23,20,28,False,CGY,MIN,False,3,4,23,31,28,20
2024020320,True,SEA,LAK,False,2,1,21,20,19,19,False,LAK,SEA,False,1,2,20,21,19,19
2024020321,True,COL,FLA,False,4,7,31,25,18,27,False,FLA,COL,False,7,4,25,31,27,18
2024020322,True,VGK,MTL,False,2,6,17,28,22,15,False,MTL,VGK,False,6,2,28,17,15,22
2024020323,True,VAN,OTT,False,3,4,29,21,17,26,False,OTT,VAN,False,4,3,21,29,26,17
2024020324,True,BOS,DET,False,1,2,20,29,27,19,False,DET,BOS,False,2,1,29,20,19,27
2024020325,True,DAL,TBL,False,2,4,29,28,24,27,False,TBL,DAL,False,4,2,28,29,27,24
2024020326,True,UTA,PIT,True,1,6,28,30,24,27,False,PIT,UTA,False,6,1,30,28,27,24
2024020327,True,NJD,WSH,False,2,3,25,33,30,24,False,WSH,NJD,False,3,2,33,25,24,30
2024020328,True,CAR,CBJ,False,5,4,32,36,32,28,False,CBJ,CAR,False,4,5,36,32,28,32
2024020329,True,WPG,NSH,False,4,1,36,24,23,32,False,NSH,WPG,True,1,4,24,36,32,23
2024020330,True,STL,NYI,False,3,1,31,25,24,28,False,NYI,STL,False,1,3,25,31,28,24
2024020331,True,BUF,SJS,False,2,4,33,31,27,31,False,SJS,BUF,True,4,2,31,33,31,27
2024020332,True,NYR,EDM,False,6,2,40,34,32,34,False,EDM,NYR,False,2,6,34,40,34,32
2024020333,True,UTA,TOR,False,3,2,35,26,24,32,False,TOR,UTA,True,2,3,26,35,32,24
2024020334,True,COL,TBL,False,8,2,33,25,23,25,False,TBL,COL,False,2,8,25,33,25,23
2024020335,True,WSH,FLA,False,1,4,21,31,27,20,False,FLA,WSH,False,4,1,31,21,20,27
2024020336,True,NSH,NJD,False,5,2,46,22,20,41,False,NJD,NSH,False,2,5,22,46,41,20
2024020337,True,STL,NYR,False,2,5,29,44,39,27,False,NYR,STL,False,5,2,44,29,27,39
2024020338,True,VGK,PHI,False,4,5,36,30,26,32,False,PHI,VGK,False,5,4,30,36,32,26
2024020339,True,DAL,CAR,False,6,4,34,19,15,28,False,CAR,DAL,False,4,6,19,34,28,15
2024020340,True,CGY,OTT,False,4,3,30,27,24,26,False,OTT,CGY,False,3,4,27,30,26,24
2024020341,True,DET,NYI,False,2,4,29,21,17,27,False,NYI,DET,False,4,2,21,29,27,17
2024020342,True,WPG,MIN,False,1,4,44,32,28,43,False,MIN,WPG,False,4,1,32,44,43,28
2024020343,True,SEA,ANA,False,2,3,23,28,25,21,False,ANA,SEA,False,3,2,28,23,21,25
2024020344,True,LAK,SJS,False,7,2,21,24,22,14,False,SJS,LAK,False,2,7,24,21,14,22
2024020345,True,VAN,BOS,False,0,2,33,15,13,33,False,BOS,VAN,False,2,0,15,33,33,13
2024020346,True,UTA,MTL,False,2,3,13,29,26,11,False,MTL,UTA,False,3,2,29,13,11,26
2024020347,True,MIN,BUF,False,0,1,39,30,29,39,False,BUF,MIN,False,1,0,30,39,39,29
2024020348,True,STL,NJD,False,0,3,32,20,17,32,False,NJD,STL,False,3,0,20,32,32,17
2024020349,True,NYR,CAR,False,4,3,31,22,19,27,False,CAR,NYR,False,3,4,22,31,27,19
2024020350,True,CGY,DET,False,2,1,27,25,24,25,False,DET,CGY,False,1,2,25,27,25,24
2024020351,True,WSH,TBL,False,4,5,28,32,27,25,False,TBL,WSH,False,5,4,32,28,25,27
2024020352,True,TOR,FLA,False,5,1,24,24,23,19,False,FLA,TOR,False,1,5,24,24,19,23
2024020353,True,BOS,NYI,False,3,6,24,21,15,21,False,NYI,BOS,True,6,3,21,24,21,15
2024020354,True,VAN,PIT,False,5,4,23,29,25,18,False,PIT,VAN,True,4,5,29,23,18,25
2024020355,True,MTL,CBJ,False,3,4,24,23,19,21,False,CBJ,MTL,True,4,3,23,24,21,19
2024020356,True,PHI,NSH,False,2,3,27,23,20,25,False,NSH,PHI,False,3,2,23,27,25,20
2024020357,True,DAL,CHI,False,6,2,26,27,25,20,False,CHI,DAL,False,2,6,27,26,20,25
2024020358,True,VGK,COL,False,2,1,34,19,18,33,False,COL,VGK,False,1,2,19,34,33,18
2024020359,True,WPG,LAK,False,4,1,33,14,13,29,False,LAK,WPG,False,1,4,14,33,29,13
2024020360,True,ANA,SEA,False,2,5,44,33,28,42,False,SEA,ANA,False,5,2,33,44,42,28
2024020361,True,OTT,SJS,False,3,4,39,11,7,36,False,SJS,OTT,False,4,3,11,39,36,7
2024020362,True,NYR,PHI,False,3,1,35,23,22,32,False,PHI,NYR,False,1,3,23,35,32,22
2024020363,True,CHI,MIN,False,3,2,29,23,21,26,False,MIN,CHI,False,2,3,23,29,26,21
2024020364,True,VAN,BUF,False,3,4,34,22,18,31,False,BUF,VAN,False,4,3,22,34,31,18
2024020365,True,NJD,DET,False,4,5,28,29,24,24,False,DET,NJD,False,5,4,29,28,24,24
2024020366,True,NYI,WSH,False,5,4,26,24,20,21,False,WSH,NYI,False,4,5,24,26,21,20
2024020367,True,FLA,CAR,False,3,6,31,30,24,28,False,CAR,FLA,False,6,3,30,31,28,24
2024020368,True,CGY,CBJ,False,5,2,34,29,27,29,False,CBJ,CGY,False,2,5,29,34,29,27
2024020369,True,TBL,NSH,False,2,3,31,28,25,29,False,NSH,TBL,False,3,2,28,31,29,25
2024020370,True,LAK,ANA,False,1,2,31,18,16,30,False,ANA,LAK,False,2,1,18,31,30,16
2024020371,True,SEA,SJS,False,8,5,27,31,26,19,False,SJS,SEA,False,5,8,31,27,19,26
2024020372,True,PIT,BOS,False,1,2,31,36,34,30,False,BOS,PIT,False,2,1,36,31,30,34
2024020373,True,COL,DAL,False,5,3,24,32,29,19,False,DAL,COL,False,3,5,32,24,19,29
2024020374,True,WPG,VGK,False,4,3,30,25,22,26,False,VGK,WPG,False,3,4,25,30,26,22
2024020375,True,EDM,UTA,False,3,4,31,32,28,28,False,UTA,EDM,False,4,3,32,31,28,28
2024020376,True,MTL,NYR,True,4,3,28,28,25,24,False,NYR,MTL,False,3,4,28,28,24,25
2024020377,True,CAR,FLA,True,6,0,35,20,20,29,False,FLA,CAR,True,0,6,20,35,29,20
2024020378,True,TOR,TBL,True,3,5,41,29,24,38,False,TBL,TOR,False,5,3,29,41,38,24
2024020379,True,WSH,NJD,True,5,6,27,32,26,22,False,NJD,WSH,True,6,5,32,27,22,26
2024020380,True,CGY,PIT,True,6,2,43,32,30,37,False,PIT,CGY,True,2,6,32,43,37,30
2024020381,True,PHI,STL,False,2,3,27,31,28,25,False,STL,PHI,True,3,2,31,27,25,28
2024020382,True,OTT,LAK,True,5,2,27,22,20,22,False,LAK,OTT,False,2,5,22,27,22,20
2024020383,True,BUF,NYI,True,3,0,20,29,29,17,False,NYI,BUF,True,0,3,29,20,17,29
2024020384,True,NSH,MIN,True,3,2,28,27,25,25,False,MIN,NSH,True,2,3,27,28,25,25
2024020385,True,EDM,COL,True,1,4,28,32,28,27,False,COL,EDM,True,4,1,32,28,27,28
2024020386,True,UTA,VGK,True,0,6,29,28,22,29,False,VGK,UTA,True,6,0,28,29,29,22
2024020387,True,SJS,SEA,True,2,4,38,23,19,36,False,SEA,SJS,True,4,2,23,38,36,19
2024020388,True,VAN,DET,False,4,5,31,32,27,27,False,DET,VAN,False,5,4,32,31,27,27
2024020389,True,MTL,BOS,False,6,3,30,28,25,24,False,BOS,MTL,True,3,6,28,30,24,25
2024020390,True,CBJ,CHI,False,3,6,31,36,30,28,False,CHI,CBJ,False,6,3,36,31,28,30
2024020391,True,WPG,DAL,False,3,1,31,27,26,28,False,DAL,WPG,False,1,3,27,31,28,26
2024020392,True,OTT,ANA,False,4,3,34,31,28,31,False,ANA,OTT,True,3,4,31,34,31,28
2024020393,True,NJD,NYR,False,1,5,39,28,23,38,False,NYR,NJD,False,5,1,28,39,38,23
2024020394,True,CHI,TOR,False,4,1,22,28,27,18,False,TOR,CHI,True,1,4,28,22,18,27
2024020395,True,DAL,UTA,False,1,2,37,21,19,36,False,UTA,DAL,True,2,1,21,37,36,19
2024020396,True,DET,BOS,False,3,2,35,25,23,32,False,BOS,DET,False,2,3,25,35,32,23
2024020397,True,COL,BUF,False,4,5,30,41,36,26,False,BUF,COL,False,5,4,41,30,26,36
2024020398,True,NYI,MTL,False,2,1,27,31,30,25,False,MTL,NYI,False,1,2,31,27,25,30
2024020399,True,FLA,PIT,False,5,4,16,41,37,11,False,PIT,FLA,False,4,5,41,16,11,37
2024020400,True,SJS,WSH,False,1,2,28,31,29,27,False,WSH,SJS,False,2,1,31,28,27,29
2024020401,True,SEA,CAR,False,2,4,19,28,24,17,False,CAR,SEA,False,4,2,28,19,17,24
2024020402,True,VAN,MIN,False,3,2,29,32,30,26,False,MIN,VAN,False,2,3,32,29,26,30
2024020403,True,STL,WPG,False,1,4,23,32,28,22,False,WPG,STL,False,4,1,32,23,22,28
2024020404,True,CBJ,CGY,False,3,0,22,16,16,19,False,CGY,CBJ,False,0,3,16,22,19,16
2024020405,True,EDM,VGK,False,1,0,16,28,28,15,False,VGK,EDM,False,0,1,28,16,15,28
2024020406,True,NSH,TOR,False,3,2,28,24,22,25,False,TOR,NSH,False,2,3,24,28,25,22
2024020407,True,BOS,CHI,False,2,4,22,27,23,20,False,CHI,BOS,True,4,2,27,22,20,23
2024020408,True,VGK,ANA,False,1,4,20,33,29,19,False,ANA,VGK,True,4,1,33,20,19,29
2024020409,True,DAL,LAK,False,3,2,17,28,26,14,False,LAK,DAL,False,2,3,28,17,14,26
2024020410,True,WPG,BUF,False,2,3,30,31,28,28,False,BUF,WPG,False,3,2,31,30,28,28
2024020411,True,NSH,MTL,False,3,0,30,29,29,27,False,MTL,NSH,True,0,3,29,30,27,29
2024020412,True,DET,OTT,False,2,1,32,20,19,30,False,OTT,DET,False,1,2,20,32,30,19
2024020413,True,SJS,TBL,False,8,1,35,21,20,27,False,TBL,SJS,False,1,8,21,35,27,20
2024020414,True,FLA,PHI,False,5,7,34,28,21,29,False,PHI,FLA,False,7,5,28,34,29,21
2024020415,True,COL,CAR,False,5,3,35,19,16,30,False,CAR,COL,False,3,5,19,35,30,16
2024020416,True,SEA,NYI,False,2,5,29,25,20,27,False,NYI,SEA,False,5,2,25,29,27,20
2024020417,True,STL,CGY,False,3,4,39,24,20,36,False,CGY,STL,False,4,3,24,39,36,20
2024020418,True,CBJ,EDM,False,6,3,36,22,19,30,False,EDM,CBJ,False,3,6,22,36,30,19
2024020419,True,WSH,TOR,False,1,3,21,26,23,20,False,TOR,WSH,False,3,1,26,21,20,23
2024020420,True,SEA,NJD,False,3,2,36,19,17,33,False,NJD,SEA,True,2,3,19,36,33,17
2024020421,True,PIT,NYR,False,4,2,32,22,20,28,False,NYR,PIT,False,2,4,22,32,28,20
2024020422,True,CBJ,VAN,False,5,2,17,32,30,12,False,VAN,CBJ,True,2,5,32,17,12,30
2024020423,True,DAL,VGK,False,3,2,28,40,38,25,False,VGK,DAL,False,2,3,40,28,25,38
2024020424,True,MIN,ANA,False,1,5,27,33,28,26,False,ANA,MIN,False,5,1,33,27,26,28
2024020425,True,PHI,BOS,False,4,3,31,26,23,27,False,BOS,PHI,False,3,4,26,31,27,23
2024020426,True,UTA,BUF,False,2,5,25,28,23,23,False,BUF,UTA,False,5,2,28,25,23,23
2024020427,True,WPG,CHI,False,2,4,14,29,25,12,False,CHI,WPG,False,4,2,29,14,12,25
2024020428,True,CAR,NYI,False,4,3,25,31,28,21,False,NYI,CAR,False,3,4,31,25,21,28
2024020429,True,SJS,FLA,False,3,1,54,29,28,51,False,FLA,SJS,False,1,3,29,54,51,28
2024020430,True,WSH,MTL,False,2,4,24,35,31,22,False,MTL,WSH,True,4,2,35,24,22,31
2024020431,True,NSH,OTT,False,3,1,30,37,36,27,False,OTT,NSH,False,1,3,37,30,27,36
2024020432,True,COL,DET,False,1,2,30,25,23,29,False,DET,COL,False,2,1,25,30,29,23
2024020433,True,TOR,PIT,True,5,2,29,27,25,24,False,PIT,TOR,True,2,5,27,29,24,25
2024020434,True,MIN,LAK,False,4,1,34,23,22,30,False,LAK,MIN,True,1,4,23,34,30,22
2024020435,True,STL,EDM,False,4,2,21,31,29,17,False,EDM,STL,False,2,4,31,21,17,29
2024020436,True,SEA,NYR,False,5,7,37,22,15,32,False,NYR,SEA,False,7,5,22,37,32,15
2024020437,True,TBL,VAN,False,2,4,25,33,29,23,False,VAN,TBL,False,4,2,33,25,23,29
2024020438,True,NYI,OTT,True,2,4,31,13,9,29,False,OTT,NYI,True,4,2,13,31,29,9
2024020439,True,CBJ,WPG,True,1,4,25,28,24,24,False,WPG,CBJ,False,4,1,28,25,24,24
2024020440,True,COL,NJD,False,0,4,25,24,20,25,False,NJD,COL,True,4,0,24,25,25,20
2024020441,True,UTA,PHI,True,2,4,24,25,21,22,False,PHI,UTA,True,4,2,25,24,22,21
2024020442,True,CGY,DAL,False,6,2,28,31,29,22,False,DAL,CGY,False,2,6,31,28,22,29
2024020443,True,DET,BUF,False,5,6,21,31,26,16,False,BUF,DET,False,6,5,31,21,16,26
2024020444,True,CHI,NYR,True,1,2,30,32,30,29,False,NYR,CHI,False,2,1,32,30,29,30
2024020445,True,ANA,MTL,False,3,2,21,29,27,19,False,MTL,ANA,False,2,3,29,21,19,27
2024020446,True,TOR,NJD,False,1,2,39,17,15,38,False,NJD,TOR,False,2,1,17,39,38,15
2024020447,True,COL,PIT,False,2,6,27,27,21,25,False,PIT,COL,False,6,2,27,27,25,21
2024020448,True,SJS,CAR,False,3,2,28,23,21,25,False,CAR,SJS,False,2,3,23,28,25,21
2024020449,True,PHI,CBJ,False,3,5,18,25,20,15,False,CBJ,PHI,False,5,3,25,18,15,20
2024020450,True,LAK,NYI,False,1,3,20,30,27,19,False,NYI,LAK,False,3,1,30,20,19,27
2024020451,True,CGY,NSH,False,3,4,20,28,24,17,False,NSH,CGY,False,4,3,28,20,17,24
2024020452,True,BOS,WPG,False,8,1,35,24,23,27,False,WPG,BOS,False,1,8,24,35,27,23
2024020453,True,TBL,EDM,False,2,1,25,22,21,24,False,EDM,TBL,False,1,2,22,25,24,21
2024020454,True,MIN,UTA,False,4,5,25,38,34,21,False,UTA,MIN,False,5,4,38,25,21,34
2024020455,True,STL,VAN,False,3,4,25,25,21,22,False,VAN,STL,False,4,3,25,25,22,21
2024020456,True,FLA,SEA,False,1,2,18,33,32,17,False,SEA,FLA,False,2,1,33,18,17,32
2024020457,True,NYR,BUF,False,2,3,31,28,25,29,False,BUF,NYR,False,3,2,28,31,29,25
2024020458,True,ANA,OTT,False,5,1,34,32,31,29,False,OTT,ANA,False,1,5,32,34,29,31
2024020459,True,ANA,TOR,False,3,2,33,28,26,30,False,TOR,ANA,True,2,3,28,33,30,26
2024020460,True,PIT,MTL,False,2,9,23,33,24,21,False,MTL,PIT,False,9,2,33,23,21,24
2024020461,True,LAK,NJD,False,3,1,26,14,13,23,False,NJD,LAK,False,1,3,14,26,23,13
2024020462,True,DET,PHI,False,4,1,36,26,25,32,False,PHI,DET,False,1,4,26,36,32,25
2024020463,True,WSH,CBJ,False,1,2,33,37,35,32,False,CBJ,WSH,False,2,1,37,33,32,35
2024020464,True,CHI,NYI,False,5,4,21,30,26,16,False,NYI,CHI,False,4,5,30,21,16,26
2024020465,True,SJS,STL,False,3,4,20,31,27,17,False,STL,SJS,False,4,3,31,20,17,27
2024020466,True,NSH,DAL,False,1,4,36,26,22,35,False,DAL,NSH,False,4,1,26,36,35,22
2024020467,True,EDM,MIN,False,1,7,30,35,28,29,False,MIN,EDM,False,7,1,35,30,29,28
2024020468,True,VGK,WPG,False,2,3,20,36,33,18,False,WPG,VGK,False,3,2,36,20,18,33
2024020469,True,UTA,COL,False,1,4,24,23,19,23,False,COL,UTA,False,4,1,23,24,23,19
2024020470,True,TBL,CGY,False,3,8,22,26,18,19,False,CGY,TBL,False,8,3,26,22,19,18
2024020471,True,FLA,VAN,False,4,0,19,27,27,15,False,VAN,FLA,False,0,4,27,19,15,27
2024020472,True,BOS,SEA,False,5,1,21,34,33,16,False,SEA,BOS,False,1,5,34,21,16,33
2024020473,True,OTT,CAR,False,0,3,32,22,19,32,False,CAR,OTT,False,3,0,22,32,32,19
2024020474,True,CHI,NJD,False,4,1,24,17,16,20,False,NJD,CHI,False,1,4,17,24,20,16
2024020475,True,LAK,NYR,False,1,5,32,32,27,31,False,NYR,LAK,False,5,1,32,32,31,27
2024020476,True,PHI,MIN,False,4,1,22,22,21,18,False,MIN,PHI,False,1,4,22,22,18,21
2024020477,True,VGK,EDM,False,6,3,34,42,39,28,False,EDM,VGK,False,3,6,42,34,28,39
2024020478,True,PIT,OTT,True,3,2,31,27,25,28,False,OTT,PIT,False,2,3,27,31,28,25
2024020479,True,TOR,DET,False,4,2,26,25,23,22,False,DET,TOR,False,2,4,25,26,22,23
2024020480,True,BUF,WSH,False,4,2,31,21,19,27,False,WSH,BUF,False,2,4,21,31,27,19
2024020481,True,ANA,CBJ,False,3,4,42,27,23,39,False,CBJ,ANA,False,4,3,27,42,39,23
2024020482,True,MTL,WPG,False,4,2,27,28,26,23,False,WPG,MTL,False,2,4,28,27,23,26
2024020483,True,STL,DAL,False,2,1,37,16,15,35,False,DAL,STL,False,1,2,16,37,35,15
2024020484,True,NSH,COL,False,5,2,33,39,37,28,False,COL,NSH,False,2,5,39,33,28,37
2024020485,True,FLA,CGY,False,3,0,27,32,32,24,False,CGY,FLA,False,0,3,32,27,24,32
2024020486,True,BOS,VAN,False,1,5,20,28,23,19,False,VAN,BOS,False,5,1,28,20,19,23
2024020487,True,UTA,SJS,False,3,4,22,40,36,19,False,SJS,UTA,False,4,3,40,22,19,36
2024020488,True,TBL,SEA,False,1,5,22,31,26,21,False,SEA,TBL,False,5,1,31,22,21,26
2024020489,True,NYI,CHI,True,5,3,23,33,30,18,False,CHI,NYI,False,3,5,33,23,18,30
2024020490,True,BUF,TOR,True,5,3,41,27,24,36,False,TOR,BUF,True,3,5,27,41,36,24
2024020491,True,CBJ,CAR,False,4,1,28,28,27,24,False,CAR,CBJ,True,1,4,28,28,24,27
2024020492,True,NYR,STL,True,3,2,24,28,26,21,False,STL,NYR,True,2,3,28,24,21,26
2024020493,True,VGK,MIN,True,2,3,22,27,24,20,False,MIN,VGK,True,3,2,27,22,20,24
2024020494,True,WSH,DAL,False,3,1,24,26,25,21,False,DAL,WSH,False,1,3,26,24,21,25
2024020495,True,FLA,EDM,False,5,6,30,28,22,25,False,EDM,FLA,False,6,5,28,30,25,22
2024020496,True,COL,VAN,False,3,1,25,31,30,22,False,VAN,COL,False,1,3,31,25,22,30
2024020497,True,BUF,MTL,False,6,1,27,21,20,21,False,MTL,BUF,False,1,6,21,27,21,20
2024020498,True,CBJ,TBL,False,5,3,33,32,29,28,False,TBL,CBJ,False,3,5,32,33,28,29
2024020499,True,LAK,PIT,False,3,2,31,31,29,28,False,PIT,LAK,False,2,3,31,31,28,29
2024020500,True,NYI,CAR,False,4,0,29,32,32,25,False,CAR,NYI,False,0,4,32,29,25,32
2024020501,True,NJD,STL,False,1,4,20,28,24,19,False,STL,NJD,False,4,1,28,20,19,24
2024020502,True,NYR,NSH,False,2,0,32,25,25,30,False,NSH,NYR,False,0,2,25,32,30,25
2024020503,True,WSH,CHI,False,3,2,23,22,20,20,False,CHI,WSH,True,2,3,22,23,20,20
2024020504,True,BOS,CGY,False,3,4,23,35,31,20,False,CGY,BOS,False,4,3,35,23,20,31
2024020505,True,OTT,SEA,False,0,3,30,27,24,30,False,SEA,OTT,False,3,0,27,30,30,24
2024020506,True,WPG,SJS,False,3,4,35,33,29,32,False,SJS,WPG,False,4,3,33,35,32,29
2024020507,True,PHI,DET,False,6,4,24,19,15,18,False,DET,PHI,False,4,6,19,24,18,15
2024020508,True,TOR,DAL,False,3,5,39,19,14,36,False,DAL,TOR,False,5,3,19,39,36,14
2024020509,True,FLA,MIN,False,1,6,27,33,27,26,False,MIN,FLA,False,6,1,33,27,26,27
2024020510,True,VAN,UTA,False,3,2,31,26,24,28,False,UTA,VAN,False,2,3,26,31,28,24
2024020511,True,WPG,ANA,False,3,2,31,23,21,28,False,ANA,WPG,True,2,3,23,31,28,21
2024020512,True,STL,TBL,False,3,1,18,32,31,15,False,TBL,STL,False,1,3,32,18,15,31
2024020513,True,LAK,PHI,True,3,7,26,27,20,23,False,PHI,LAK,False,7,3,27,26,23,20
2024020514,True,NJD,CBJ,False,4,2,20,42,40,16,False,CBJ,NJD,False,2,4,42,20,16,40
2024020515,True,PIT,NSH,False,4,5,26,20,15,22,False,NSH,PIT,False,5,4,20,26,22,15
2024020516,True,SEA,CHI,False,3,1,24,27,26,21,False,CHI,SEA,False,1,3,27,24,21,26
2024020517,True,OTT,CGY,False,2,3,32,29,26,30,False,CGY,OTT,False,3,2,29,32,30,26
2024020518,True,BOS,EDM,False,3,2,26,26,24,23,False,EDM,BOS,False,2,3,26,26,23,24
2024020519,True,VAN,VGK,False,3,1,21,20,19,18,False,VGK,VAN,True,1,3,20,21,18,19
2024020520,True,COL,SJS,False,2,4,34,31,27,32,False,SJS,COL,False,4,2,31,34,32,27
2024020521,True,TOR,BUF,False,3,6,27,29,23,24,False,BUF,TOR,False,6,3,29,27,24,23
2024020522,True,MTL,DET,False,3,4,28,33,29,25,False,DET,MTL,False,4,3,33,28,25,29
2024020523,True,STL,FLA,False,2,1,27,27,26,25,False,FLA,STL,True,1,2,27,27,25,26
2024020524,True,CAR,WSH,False,3,1,22,25,24,19,False,WSH,CAR,False,1,3,25,22,19,24
2024020525,True,NYR,DAL,False,1,3,42,30,27,41,False,DAL,NYR,False,3,1,30,42,41,27
2024020526,True,UTA,MIN,False,1,2,29,18,16,28,False,MIN,UTA,False,2,1,18,29,28,16
2024020527,True,COL,ANA,False,2,4,32,23,19,30,False,ANA,COL,True,4,2,23,32,30,19
2024020528,True,LAK,NSH,False,3,2,26,24,22,23,False,NSH,LAK,False,2,3,24,26,23,22
2024020529,True,CHI,CGY,False,6,4,30,28,24,24,False,CGY,CHI,False,4,6,28,30,24,24
2024020530,True,SJS,EDM,False,3,2,42,22,20,39,False,EDM,SJS,False,2,3,22,42,39,20
2024020531,True,BUF,BOS,False,3,1,19,20,19,16,False,BOS,BUF,True,1,3,20,19,16,19
2024020532,True,NYI,TOR,True,3,6,29,34,28,26,False,TOR,NYI,False,6,3,34,29,26,28
2024020533,True,DET,MTL,True,5,1,24,21,20,19,False,MTL,DET,True,1,5,21,24,19,20
2024020534,True,PIT,NJD,False,3,0,27,12,12,24,False,NJD,PIT,False,0,3,12,27,24,12
2024020535,True,CBJ,PHI,False,5,4,30,25,21,25,False,PHI,CBJ,False,4,5,25,30,25,21
2024020536,True,MIN,WPG,False,5,0,24,19,19,19,False,WPG,MIN,True,0,5,19,24,19,19
2024020537,True,OTT,VAN,False,4,5,25,22,17,21,False,VAN,OTT,False,5,4,22,25,21,17
2024020538,True,SEA,VGK,False,6,2,34,23,21,28,False,VGK,SEA,False,2,6,23,34,28,21
2024020539,True,CAR,NYR,False,1,3,23,33,30,22,False,NYR,CAR,False,3,1,33,23,22,30
2024020540,True,FLA,TBL,False,2,4,21,26,22,19,False,TBL,FLA,False,4,2,26,21,19,22
2024020541,True,LAK,WSH,False,3,1,21,26,25,18,False,WSH,LAK,True,1,3,26,21,18,25
2024020542,True,ANA,UTA,False,4,5,25,30,26,21,False,UTA,ANA,False,5,4,30,25,21,26
2024020543,True,SEA,COL,False,5,2,29,19,17,24,False,COL,SEA,True,2,5,19,29,24,17
2024020544,True,OTT,EDM,True,3,1,21,21,20,18,False,EDM,OTT,True,1,3,21,21,18,20
2024020545,True,NYR,NJD,False,5,0,30,12,12,25,False,NJD,NYR,True,0,5,12,30,25,12
2024020546,True,WPG,TOR,False,2,5,25,27,22,23,False,TOR,WPG,False,5,2,27,25,23,22
2024020547,True,WSH,BOS,False,4,1,22,11,10,18,False,BOS,WSH,True,1,4,11,22,18,10
2024020548,True,STL,DET,False,0,4,19,21,17,19,False,DET,STL,False,4,0,21,19,19,17
2024020549,True,TBL,FLA,True,0,4,36,29,25,36,False,FLA,TBL,True,4,0,29,36,36,25
2024020550,True,PHI,PIT,False,7,3,22,27,24,15,False,PIT,PHI,False,3,7,27,22,15,24
2024020551,True,MTL,CBJ,False,5,4,32,31,27,27,False,CBJ,MTL,False,4,5,31,32,27,27
2024020552,True,BUF,NYI,False,1,7,28,25,18,27,False,NYI,BUF,False,7,1,25,28,27,18
2024020553,True,CAR,NSH,False,5,2,25,27,25,20,False,NSH,CAR,True,2,5,27,25,20,25
2024020554,True,CHI,MIN,False,4,3,27,31,28,23,False,MIN,CHI,False,3,4,31,27,23,28
2024020555,True,SJS,VAN,False,4,3,24,29,26,20,False,VAN,SJS,False,3,4,29,24,20,26
2024020556,True,DAL,UTA,True,2,3,26,29,26,24,False,UTA,DAL,False,3,2,29,26,24,26
2024020557,True,ANA,VGK,False,3,1,33,32,31,30,False,VGK,ANA,True,1,3,32,33,30,31
2024020558,True,CHI,BUF,False,6,2,35,17,15,29,False,BUF,CHI,False,2,6,17,35,29,15
2024020559,True,TOR,DET,False,2,5,25,23,18,23,False,DET,TOR,False,5,2,23,25,23,18
2024020560,True,CAR,NJD,False,4,2,23,31,29,19,False,NJD,CAR,False,2,4,31,23,19,29
2024020561,True,BOS,CBJ,False,6,2,33,26,24,27,False,CBJ,BOS,False,2,6,26,33,27,24
2024020562,True,NSH,STL,False,7,4,30,30,26,23,False,STL,NSH,False,4,7,30,30,23,26
2024020563,True,MIN,DAL,False,2,3,29,18,15,27,False,DAL,MIN,False,3,2,18,29,27,15
2024020564,True,COL,UTA,False,1,4,35,37,33,34,False,UTA,COL,False,4,1,37,35,34,33
2024020565,True,VGK,SJS,False,3,6,25,36,30,22,False,SJS,VGK,False,6,3,36,25,22,30
2024020566,True,MTL,FLA,False,0,4,34,25,21,34,False,FLA,MTL,False,4,0,25,34,34,21
2024020567,True,SEA,VAN,False,4,5,22,29,24,18,False,VAN,SEA,False,5,4,29,22,18,24
2024020568,True,PHI,ANA,False,1,3,33,25,22,32,False,ANA,PHI,False,3,1,25,33,32,22
2024020569,True,EDM,LAK,False,4,3,29,27,24,25,False,LAK,EDM,False,3,4,27,29,25,24
2024020570,True,CBJ,BOS,True,4,0,28,18,18,24,False,BOS,CBJ,True,0,4,18,28,24,18
2024020571,True,WSH,TOR,True,2,5,37,32,27,35,False,TOR,WSH,False,5,2,32,37,35,27
2024020572,True,NYR,TBL,False,6,2,25,44,42,19,False,TBL,NYR,False,2,6,44,25,19,42
2024020573,True,NJD,CAR,True,5,2,41,23,21,36,False,CAR,NJD,True,2,5,23,41,36,21
2024020574,True,OTT,WPG,False,4,2,23,35,33,19,False,WPG,OTT,False,2,4,35,23,19,33
2024020575,True,PIT,NYI,False,6,3,34,25,22,29,False,NYI,PIT,False,3,6,25,34,29,22
2024020576,True,CGY,SJS,True,1,3,22,33,30,21,False,SJS,CGY,False,3,1,33,22,21,30
2024020577,True,DAL,CHI,False,1,5,25,35,30,24,False,CHI,DAL,False,5,1,35,25,24,30
2024020578,True,EDM,ANA,True,5,3,32,23,20,27,False,ANA,EDM,True,3,5,23,32,27,20
2024020579,True,WSH,DET,False,4,2,27,27,25,23,False,DET,WSH,True,2,4,27,27,23,25
2024020580,True,MTL,TBL,True,2,5,23,37,32,21,False,TBL,MTL,True,5,2,37,23,21,32
2024020581,True,NYI,PIT,True,3,2,41,31,29,38,False,PIT,NYI,True,2,3,31,41,38,29
2024020582,True,BUF,STL,False,2,4,37,16,12,35,False,STL,BUF,False,4,2,16,37,35,12
2024020583,True,OTT,MIN,False,1,3,31,37,34,30,False,MIN,OTT,True,3,1,37,31,30,34
2024020584,True,CGY,VGK,False,3,0,37,31,31,34,False,VGK,CGY,True,0,3,31,37,34,31
2024020585,True,PHI,LAK,True,5,4,20,21,17,15,False,LAK,PHI,True,4,5,21,20,15,17
2024020586,True,NYR,FLA,False,5,3,26,35,32,21,False,FLA,NYR,False,3,5,35,26,21,32
2024020587,True,NSH,WPG,False,3,0,28,22,22,25,False,WPG,NSH,False,0,3,22,28,25,22
2024020588,True,UTA,SEA,False,5,2,33,30,28,28,False,SEA,UTA,False,2,5,30,33,28,28
2024020589,True,BOS,WSH,False,3,1,27,27,26,24,False,WSH,BOS,False,1,3,27,27,24,26
2024020590,True,NYI,TOR,False,3,1,25,31,30,22,False,TOR,NYI,False,1,3,31,25,22,30
2024020591,True,MTL,VGK,False,2,3,29,22,19,27,False,VGK,MTL,False,3,2,22,29,27,19
2024020592,True,STL,CHI,False,2,6,30,28,22,28,False,CHI,STL,False,6,2,28,30,28,22
2024020593,True,PIT,DET,False,4,2,25,25,23,21,False,DET,PIT,False,2,4,25,25,21,23
2024020594,True,CAR,CBJ,False,4,3,28,35,32,25,False,CBJ,CAR,False,3,4,35,28,25,32
2024020595,True,BUF,DAL,False,4,2,33,23,21,29,False,DAL,BUF,False,2,4,23,33,29,21
2024020596,True,NSH,MIN,False,5,3,38,46,43,33,False,MIN,NSH,True,3,5,46,38,33,43
2024020597,True,WPG,COL,False,5,2,38,22,20,33,False,COL,WPG,True,2,5,22,38,33,20
2024020598,True,NJD,ANA,False,3,2,26,34,32,23,False,ANA,NJD,False,2,3,34,26,23,32
2024020599,True,PHI,SJS,False,0,4,22,34,30,22,False,SJS,PHI,False,4,0,34,22,22,30
2024020600,True,VAN,CGY,False,3,1,29,24,23,26,False,CGY,VAN,False,1,3,24,29,26,23
2024020601,True,UTA,EDM,False,4,1,38,27,26,34,False,EDM,UTA,True,1,4,27,38,34,26
2024020602,True,NJD,LAK,False,3,0,24,33,33,21,False,LAK,NJD,True,0,3,33,24,21,33
2024020603,True,CAR,FLA,False,1,3,26,40,37,25,False,FLA,CAR,False,3,1,40,26,25,37
2024020604,True,BOS,NYR,False,2,1,27,33,32,25,False,NYR,BOS,False,1,2,33,27,25,32
2024020605,True,MIN,WSH,False,3,4,31,33,30,28,False,WSH,MIN,False,4,3,33,31,28,30
2024020606,True,DET,CBJ,False,4,5,25,26,21,21,False,CBJ,DET,False,5,4,26,25,21,21
2024020607,True,TOR,NYI,False,1,2,33,31,29,32,False,NYI,TOR,False,2,1,31,33,32,29
2024020608,True,OTT,DAL,False,4,2,25,13,11,21,False,DAL,OTT,False,2,4,13,25,21,11
2024020609,True,ANA,WPG,False,3,4,30,24,20,27,False,WPG,ANA,False,4,3,24,30,27,20
2024020610,True,BUF,COL,False,6,5,29,21,16,23,False,COL,BUF,False,5,6,21,29,23,16
2024020611,True,UTA,CGY,False,3,5,26,26,21,23,False,CGY,UTA,False,5,3,26,26,23,21
2024020612,True,PHI,VGK,False,5,2,27,25,23,22,False,VGK,PHI,False,2,5,25,27,22,23
2024020613,True,VAN,SEA,False,3,4,27,22,19,24,False,SEA,VAN,False,4,3,22,27,24,19
2024020614,True,TBL,SJS,False,2,1,25,25,24,23,False,SJS,TBL,False,1,2,25,25,23,24
2024020615,True,PIT,FLA,True,3,2,33,31,29,31,False,FLA,PIT,False,2,3,31,33,31,29
2024020616,True,MTL,CHI,False,4,2,26,40,38,22,False,CHI,MTL,False,2,4,40,26,22,38
2024020617,True,OTT,STL,False,4,0,25,20,20,21,False,STL,OTT,True,0,4,20,25,21,20
2024020618,True,ANA,EDM,False,3,2,26,29,27,23,False,EDM,ANA,True,2,3,29,26,23,27
2024020619,True,NSH,VAN,True,0,3,27,19,16,27,False,VAN,NSH,False,3,0,19,27,27,16
2024020620,True,NYR,WSH,False,7,4,28,33,29,21,False,WSH,NYR,False,4,7,33,28,21,29
2024020621,True,DET,WPG,False,2,4,23,29,25,21,False,WPG,DET,False,4,2,29,23,21,25
2024020622,True,NJD,SJS,False,3,2,24,30,28,21,False,SJS,NJD,False,2,3,30,24,21,28
2024020623,True,BOS,TOR,False,6,4,29,31,27,23,False,TOR,BOS,False,4,6,31,29,23,27
2024020624,True,MIN,CAR,False,0,4,21,27,23,21,False,CAR,MIN,False,4,0,27,21,21,23
2024020625,True,STL,CBJ,False,6,4,39,33,29,33,False,CBJ,STL,True,4,6,33,39,33,29
2024020626,True,MTL,COL,False,1,2,23,23,22,22,False,COL,MTL,True,2,1,23,23,22,22
2024020627,True,NSH,CGY,False,1,4,32,28,24,31,False,CGY,NSH,True,4,1,28,32,31,24
2024020628,True,UTA,DAL,False,3,2,29,35,33,26,False,DAL,UTA,False,2,3,35,29,26,33
2024020629,True,TBL,LAK,False,2,1,21,34,33,19,False,LAK,TBL,False,1,2,34,21,19,33
2024020630,True,BUF,VGK,False,3,1,33,24,23,30,False,VGK,BUF,False,1,3,24,33,30,23
2024020631,True,EDM,SEA,False,2,4,18,32,28,16,False,SEA,EDM,True,4,2,32,18,16,28
2024020632,True,NYR,CHI,False,2,6,27,34,28,25,False,CHI,NYR,True,6,2,34,27,25,28
2024020633,True,NYI,BOS,True,4,5,30,37,32,26,False,BOS,NYI,False,5,4,37,30,26,32
2024020634,True,PIT,CAR,True,4,3,31,19,16,27,False,CAR,PIT,False,3,4,19,31,27,16
2024020635,True,PHI,TOR,True,3,2,25,32,30,22,False,TOR,PHI,False,2,3,32,25,22,30
2024020636,True,TBL,ANA,False,4,1,26,37,36,22,False,ANA,TBL,True,1,4,37,26,22,36
2024020637,True,WSH,BUF,False,4,3,27,28,25,24,False,BUF,WSH,False,3,4,28,27,24,25
2024020638,True,VAN,MTL,False,5,4,24,20,16,19,False,MTL,VAN,False,4,5,20,24,19,16
2024020639,True,FLA,COL,False,3,1,34,27,26,31,False,COL,FLA,False,1,3,27,34,31,26
2024020640,True,NJD,SEA,False,2,3,24,29,26,22,False,SEA,NJD,False,3,2,29,24,22,26
2024020641,True,EDM,BOS,False,0,4,26,39,35,26,False,BOS,EDM,False,4,0,39,26,26,35
2024020642,True,OTT,DET,False,3,2,33,33,31,30,False,DET,OTT,False,2,3,33,33,30,31
2024020643,True,DAL,NYR,False,4,5,26,39,34,22,False,NYR,DAL,False,5,4,39,26,22,34
2024020644,True,TOR,PHI,False,2,3,32,17,14,30,False,PHI,TOR,False,3,2,17,32,30,14
2024020645,True,CBJ,PIT,False,3,4,23,29,26,20,False,PIT,CBJ,False,4,3,29,23,20,26
2024020646,True,STL,MIN,False,6,4,26,33,29,20,False,MIN,STL,False,4,6,33,26,20,29
2024020647,True,NSH,WPG,False,5,2,30,28,26,26,False,WPG,NSH,False,2,5,28,30,26,26
2024020648,True,CGY,ANA,False,2,3,28,33,30,26,False,ANA,CGY,False,3,2,33,28,26,30
2024020649,True,VGK,SJS,False,2,4,21,42,38,19,False,SJS,VGK,False,4,2,42,21,19,38
2024020650,True,VAN,WSH,False,2,1,18,31,30,16,False,WSH,VAN,False,1,2,31,18,16,30
2024020651,True,COL,CHI,False,3,1,20,36,35,17,False,CHI,COL,False,1,3,36,20,17,35
2024020652,True,FLA,UTA,False,1,4,26,33,29,25,False,UTA,FLA,False,4,1,33,26,25,29
2024020654,True,BUF,OTT,False,0,4,35,21,17,35,False,OTT,BUF,False,4,0,21,35,35,17
2024020655,True,BOS,TBL,False,4,1,31,28,27,27,False,TBL,BOS,False,1,4,28,31,27,27
2024020656,True,NJD,NYR,False,3,2,32,23,21,29,False,NYR,NJD,False,2,3,23,32,29,21
2024020657,True,DAL,PHI,False,1,4,28,23,19,27,False,PHI,DAL,False,4,1,23,28,27,19
2024020658,True,EDM,PIT,False,5,3,26,43,40,21,False,PIT,EDM,False,3,5,43,26,21,40
2024020659,True,TOR,CAR,False,6,3,34,33,30,28,False,CAR,TOR,False,3,6,33,34,28,30
2024020660,True,SEA,CBJ,False,6,2,24,31,29,18,False,CBJ,SEA,False,2,6,31,24,18,29
2024020661,True,ANA,STL,False,6,2,34,23,21,28,False,STL,ANA,False,2,6,23,34,28,21
2024020662,True,COL,MIN,False,1,6,25,27,21,24,False,MIN,COL,True,6,1,27,25,24,21
2024020663,True,NYI,VGK,False,0,4,30,21,17,30,False,VGK,NYI,False,4,0,21,30,30,17
2024020664,True,CHI,DET,False,5,3,28,15,12,23,False,DET,CHI,False,3,5,15,28,23,12
2024020665,True,MTL,WSH,False,2,3,17,30,27,15,False,WSH,MTL,False,3,2,30,17,15,27
2024020666,True,VAN,CAR,True,2,0,20,14,14,18,False,CAR,VAN,False,0,2,14,20,18,14
2024020667,True,LAK,WPG,False,1,2,19,23,21,18,False,WPG,LAK,False,2,1,23,19,18,21
2024020668,True,SJS,UTA,False,2,1,26,19,18,24,False,UTA,SJS,False,1,2,19,26,24,18
2024020669,True,BOS,FLA,False,3,4,43,18,14,40,False,FLA,BOS,False,4,3,18,43,40,14
2024020670,True,SEA,BUF,False,2,6,35,29,23,33,False,BUF,SEA,False,6,2,29,35,33,23
2024020671,True,OTT,PIT,False,0,5,29,22,17,29,False,PIT,OTT,False,5,0,22,29,29,17
2024020672,True,VAN,TOR,False,0,3,20,18,16,20,False,TOR,VAN,True,3,0,18,20,20,16
2024020673,True,DAL,MTL,True,1,2,31,36,35,30,False,MTL,DAL,False,2,1,36,31,30,35
2024020674,True,TBL,NJD,False,3,2,26,25,23,23,False,NJD,TBL,False,2,3,25,26,23,23
2024020675,True,ANA,PHI,False,6,0,30,22,22,24,False,PHI,ANA,False,0,6,22,30,24,22
2024020676,True,EDM,CHI,True,3,4,22,34,30,19,False,CHI,EDM,False,4,3,34,22,19,30
2024020677,True,CBJ,STL,False,1,2,32,30,28,31,False,STL,CBJ,False,2,1,30,32,31,28
2024020678,True,COL,WPG,True,3,0,29,22,22,26,False,WPG,COL,False,0,3,22,29,26,22
2024020679,True,WSH,NSH,False,1,4,33,16,12,32,False,NSH,WSH,True,4,1,16,33,32,12
2024020680,True,NYI,UTA,True,1,2,22,32,30,21,False,UTA,NYI,False,2,1,32,22,21,30
2024020681,True,LAK,CGY,False,2,1,18,32,31,16,False,CGY,LAK,True,1,2,32,18,16,31
2024020682,True,NYR,VGK,False,1,2,30,26,24,29,False,VGK,NYR,False,2,1,26,30,29,24
2024020683,True,MIN,SJS,True,1,3,37,22,19,36,False,SJS,MIN,False,3,1,22,37,36,19
2024020684,True,SEA,DET,False,6,2,23,33,31,17,False,DET,SEA,True,2,6,33,23,17,31
2024020685,True,DAL,OTT,True,3,2,27,26,24,24,False,OTT,DAL,True,2,3,26,27,24,24
2024020686,True,TBL,PIT,True,2,5,33,19,14,31,False,PIT,TBL,True,5,2,19,33,31,14
2024020687,True,ANA,CAR,False,2,3,37,20,17,35,False,CAR,ANA,True,3,2,20,37,35,17
2024020688,True,MIN,VGK,True,4,1,37,16,15,33,False,VGK,MIN,True,1,4,16,37,33,15
2024020689,True,FLA,PHI,False,4,3,29,23,20,25,False,PHI,FLA,False,3,4,23,29,25,20
2024020690,True,CGY,CHI,False,2,5,25,36,31,23,False,CHI,CGY,False,5,2,36,25,23,31
2024020691,True,LAK,EDM,False,1,0,30,30,30,29,False,EDM,LAK,False,0,1,30,30,29,30
2024020692,True,TBL,BOS,False,6,2,24,45,43,18,False,BOS,TBL,False,2,6,45,24,18,43
2024020693,True,DAL,TOR,False,1,4,28,23,19,27,False,TOR,DAL,False,4,1,23,28,27,19
2024020694,True,SJS,DET,False,3,6,28,24,18,25,False,DET,SJS,False,6,3,24,28,25,18
2024020695,True,FLA,NJD,False,1,2,27,28,27,26,False,NJD,FLA,True,2,1,28,27,26,27
2024020696,True,SEA,PIT,False,2,4,33,18,14,31,False,PIT,SEA,False,4,2,18,33,31,14
2024020697,True,ANA,WSH,False,3,0,25,19,19,22,False,WSH,ANA,False,0,3,19,25,22,19
2024020698,True,PHI,CBJ,False,3,2,28,25,23,26,False,CBJ,PHI,True,2,3,25,28,26,23
2024020699,True,OTT,NYI,False,0,2,24,27,25,24,False,NYI,OTT,False,2,0,27,24,24,25
2024020700,True,CGY,STL,False,2,1,25,28,27,23,False,STL,CGY,True,1,2,28,25,23,27
2024020701,True,VGK,NSH,False,5,3,23,22,19,18,False,NSH,VGK,False,3,5,22,23,18,19
2024020702,True,VAN,WPG,False,6,1,33,24,23,27,False,WPG,VAN,False,1,6,24,33,27,23
2024020703,True,NYR,COL,False,3,2,26,29,27,23,False,COL,NYR,False,2,3,29,26,23,27
2024020704,True,MTL,UTA,False,3,5,25,27,22,22,False,UTA,MTL,False,5,3,27,25,22,22
2024020705,True,CAR,BUF,False,4,2,24,37,35,21,False,BUF,CAR,False,2,4,37,24,21,35
2024020706,True,EDM,MIN,False,3,5,34,36,31,31,False,MIN,EDM,False,5,3,36,34,31,31
2024020707,True,NJD,TOR,False,4,3,41,24,21,37,False,TOR,NJD,False,3,4,24,41,37,21
2024020708,True,WSH,OTT,False,0,1,24,26,25,24,False,OTT,WSH,False,1,0,26,24,24,25
2024020709,True,ANA,TBL,False,4,3,35,37,34,32,False,TBL,ANA,False,3,4,37,35,32,34
2024020710,True,DET,FLA,False,2,5,43,20,15,41,False,FLA,DET,False,5,2,20,43,41,15
2024020711,True,SJS,CBJ,False,4,1,34,19,18,30,False,CBJ,SJS,False,1,4,19,34,30,18
2024020712,True,PHI,NYI,False,3,5,29,24,19,26,False,NYI,PHI,False,5,3,24,29,26,19
2024020713,True,CGY,STL,False,4,1,29,29,28,25,False,STL,CGY,False,1,4,29,29,25,28
2024020714,True,CHI,NSH,False,3,2,41,26,24,39,False,NSH,CHI,False,2,3,26,41,39,24
2024020715,True,MTL,DAL,False,1,3,33,24,21,32,False,DAL,MTL,False,3,1,24,33,32,21
2024020716,True,SEA,WPG,False,2,1,36,18,17,34,False,WPG,SEA,False,1,2,18,36,34,17
2024020717,True,NYR,UTA,False,3,5,31,25,20,28,False,UTA,NYR,False,5,3,25,31,28,20
2024020718,True,EDM,COL,False,3,4,25,28,24,22,False,COL,EDM,True,4,3,28,25,22,24
2024020719,True,LAK,VAN,False,1,5,21,21,16,20,False,VAN,LAK,False,5,1,21,21,20,16
2024020720,True,PIT,BUF,False,2,5,42,19,14,40,False,BUF,PIT,False,5,2,19,42,40,14
2024020721,True,VGK,CAR,False,3,2,28,31,29,25,False,CAR,VGK,False,2,3,31,28,25,29
2024020722,True,PHI,NJD,False,1,3,13,18,15,12,False,NJD,PHI,False,3,1,18,13,12,15
2024020723,True,BOS,OTT,False,6,5,44,28,23,39,False,OTT,BOS,False,5,6,28,44,39,23
2024020724,True,DAL,COL,False,6,3,36,29,26,30,False,COL,DAL,False,3,6,29,36,30,26
2024020725,True,ANA,FLA,False,3,0,45,34,34,42,False,FLA,ANA,False,0,3,34,45,42,34
2024020726,True,TOR,MTL,False,3,7,35,34,27,32,False,MTL,TOR,False,7,3,34,35,32,27
2024020727,True,DET,TBL,False,5,1,22,39,38,17,False,TBL,DET,False,1,5,39,22,17,38
2024020728,True,CBJ,NYR,False,1,0,26,27,27,26,False,NYR,CBJ,False,0,1,27,26,26,27
2024020729,True,PIT,WSH,False,4,1,32,19,18,28,False,WSH,PIT,True,1,4,19,32,28,18
2024020730,True,CGY,WPG,False,1,3,39,22,19,38,False,WPG,CGY,False,3,1,22,39,38,19
2024020731,True,SJS,NYI,False,4,1,31,19,18,27,False,NYI,SJS,False,1,4,19,31,27,18
2024020732,True,VGK,CHI,False,5,3,23,35,32,18,False,CHI,VGK,True,3,5,35,23,18,32
2024020733,True,MIN,NSH,False,6,2,38,29,27,32,False,NSH,MIN,False,2,6,29,38,32,27
2024020734,True,STL,UTA,False,4,2,33,24,22,29,False,UTA,STL,False,2,4,24,33,29,22
2024020735,True,EDM,VAN,False,3,2,27,15,13,24,False,VAN,EDM,False,2,3,15,27,24,13
2024020736,True,LAK,SEA,False,4,2,22,30,28,18,False,SEA,LAK,False,2,4,30,22,18,28
2024020737,True,OTT,NJD,True,1,2,26,20,18,25,False,NJD,OTT,True,2,1,20,26,25,18
2024020738,True,NYR,MTL,True,5,4,37,28,24,32,False,MTL,NYR,True,4,5,28,37,32,24
2024020739,True,DET,DAL,True,4,1,25,34,33,21,False,DAL,DET,True,1,4,34,25,21,33
2024020740,True,SJS,BOS,False,6,3,33,28,25,27,False,BOS,SJS,False,3,6,28,33,27,25
2024020741,True,MIN,COL,False,1,3,27,26,23,26,False,COL,MIN,False,3,1,26,27,26,23
2024020742,True,BUF,SEA,False,6,4,34,29,25,28,False,SEA,BUF,False,4,6,29,34,28,25
2024020743,True,STL,VGK,False,4,5,32,28,24,28,False,VGK,STL,False,5,4,28,32,28,24
2024020744,True,TBL,TOR,False,5,3,28,30,27,23,False,TOR,TBL,False,3,5,30,28,23,27
2024020745,True,CBJ,NYI,False,3,1,25,26,25,22,False,NYI,CBJ,False,1,3,26,25,22,25
2024020746,True,CAR,CHI,False,3,4,25,48,44,22,False,CHI,CAR,False,4,3,48,25,22,44
2024020747,True,WPG,UTA,False,5,2,28,25,23,23,False,UTA,WPG,False,2,5,25,28,23,23
2024020748,True,PIT,LAK,False,1,5,26,32,28,25,False,LAK,PIT,False,5,1,32,26,25,28
2024020749,True,TBL,MTL,False,3,2,22,35,33,19,False,MTL,TBL,True,2,3,35,22,19,33
2024020750,True,OTT,NYR,False,5,0,29,20,20,24,False,NYR,OTT,False,0,5,20,29,24,20
2024020751,True,DET,PHI,False,2,1,26,28,27,24,False,PHI,DET,False,1,2,28,26,24,27
2024020752,True,SJS,NSH,False,7,5,41,24,19,34,False,NSH,SJS,True,5,7,24,41,34,19
2024020753,True,CAR,DAL,False,1,2,23,19,17,22,False,DAL,CAR,True,2,1,19,23,22,17
2024020754,True,WSH,EDM,False,2,3,32,14,11,30,False,EDM,WSH,False,3,2,14,32,30,11
2024020755,True,BUF,VAN,False,2,3,34,26,23,32,False,VAN,BUF,True,3,2,26,34,32,23
2024020756,True,FLA,ANA,False,2,5,30,29,24,28,False,ANA,FLA,False,5,2,29,30,28,24
2024020757,True,CBJ,TOR,False,1,5,29,19,14,28,False,TOR,CBJ,False,5,1,19,29,28,14
2024020758,True,BOS,NJD,False,5,1,34,23,22,29,False,NJD,BOS,False,1,5,23,34,29,22
2024020759,True,WPG,COL,False,2,3,27,25,22,25,False,COL,WPG,False,3,2,25,27,25,22
2024020760,True,FLA,LAK,False,2,1,28,28,27,26,False,LAK,FLA,True,1,2,28,28,26,27
2024020761,True,OTT,BOS,True,2,0,26,29,29,24,False,BOS,OTT,False,0,2,29,26,24,29
2024020762,True,MTL,DET,False,4,2,45,29,27,41,False,DET,MTL,False,2,4,29,45,41,27
2024020763,True,PHI,NYR,False,6,1,37,34,33,31,False,NYR,PHI,False,1,6,34,37,31,33
2024020764,True,CBJ,CAR,False,7,4,43,22,18,36,False,CAR,CBJ,True,4,7,22,43,36,18
2024020765,True,VGK,STL,False,2,4,17,31,27,15,False,STL,VGK,False,4,2,31,17,15,27
2024020766,True,UTA,MIN,False,0,4,26,29,25,26,False,MIN,UTA,False,4,0,29,26,26,25
2024020767,True,BUF,CGY,False,5,2,26,34,32,21,False,CGY,BUF,False,2,5,34,26,21,32
2024020768,True,VAN,EDM,False,6,2,34,26,24,28,False,EDM,VAN,False,2,6,26,34,28,24
2024020769,True,PIT,ANA,False,5,1,34,32,31,29,False,ANA,PIT,False,1,5,32,34,29,31
2024020770,True,WSH,SEA,False,0,3,22,32,30,22,False,SEA,WSH,False,3,0,32,22,22,30
2024020771,True,NSH,SJS,False,5,6,35,38,32,30,False,SJS,NSH,False,6,5,38,35,30,32
2024020772,True,PHI,NYI,False,3,1,27,30,29,24,False,NYI,PHI,True,1,3,30,27,24,29
2024020773,True,TBL,CHI,False,3,4,14,40,36,11,False,CHI,TBL,False,4,3,40,14,11,36
2024020774,True,VGK,DAL,False,4,3,27,21,18,23,False,DAL,VGK,True,3,4,21,27,23,18
2024020775,True,UTA,WPG,False,5,2,29,19,17,24,False,WPG,UTA,True,2,5,19,29,24,17
2024020776,True,COL,BOS,False,3,1,15,28,27,12,False,BOS,COL,False,1,3,28,15,12,27
2024020777,True,BUF,EDM,False,3,2,34,41,39,31,False,EDM,BUF,False,2,3,41,34,31,39
2024020778,True,PIT,SEA,False,4,1,25,29,28,21,False,SEA,PIT,False,1,4,29,25,21,28
2024020779,True,NJD,MTL,False,3,4,32,44,40,29,False,MTL,NJD,False,4,3,44,32,29,40
2024020780,True,TOR,OTT,False,2,1,23,29,28,21,False,OTT,TOR,False,1,2,29,23,21,28
2024020781,True,TBL,DET,False,2,0,32,28,28,30,False,DET,TBL,True,0,2,28,32,30,28
2024020782,True,LAK,CBJ,False,3,2,24,33,31,21,False,CBJ,LAK,False,2,3,33,24,21,31
2024020783,True,DAL,STL,False,0,2,33,19,17,33,False,STL,DAL,True,2,0,19,33,33,17
2024020784,True,CGY,MIN,False,4,5,25,29,24,21,False,MIN,CGY,False,5,4,29,25,21,24
2024020785,True,CAR,NYI,True,3,2,27,27,25,24,False,NYI,CAR,False,2,3,27,27,24,25
2024020786,True,WSH,VAN,False,2,1,25,33,32,23,False,VAN,WSH,False,1,2,33,25,23,32
2024020787,True,NSH,ANA,False,5,2,35,43,41,30,False,ANA,NSH,False,2,5,43,35,30,41
2024020788,True,FLA,SJS,False,2,7,23,32,25,21,False,SJS,FLA,False,7,2,32,23,21,25
2024020789,True,COL,NYR,False,4,5,37,22,17,33,False,NYR,COL,True,5,4,22,37,33,17
2024020790,True,UTA,OTT,True,3,1,27,35,34,24,False,OTT,UTA,False,1,3,35,27,24,34
2024020791,True,CGY,WPG,False,5,2,27,22,20,22,False,WPG,CGY,True,2,5,22,27,22,20
2024020792,True,MIN,CHI,False,2,4,20,28,24,18,False,CHI,MIN,True,4,2,28,20,18,24
2024020793,True,FLA,VGK,False,4,1,26,34,33,22,False,VGK,FLA,True,1,4,34,26,22,33
2024020794,True,LAK,DET,False,5,2,28,25,24,23,False,DET,LAK,False,2,5,25,28,23,24
2024020795,True,NJD,PHI,False,4,2,26,33,31,22,False,PHI,NJD,False,2,4,33,26,22,31
2024020796,True,VAN,STL,False,2,5,26,30,25,24,False,STL,VAN,False,5,2,30,26,24,25
2024020797,True,SEA,EDM,False,4,2,31,28,26,27,False,EDM,SEA,False,2,4,28,31,27,26
2024020798,True,PIT,SJS,False,2,1,28,30,29,26,False,SJS,PIT,False,1,2,30,28,26,29
2024020799,True,BOS,BUF,False,7,2,33,27,25,26,False,BUF,BOS,False,2,7,27,33,26,25
2024020800,True,WPG,MTL,False,1,4,25,24,20,24,False,MTL,WPG,False,4,1,24,25,24,20
2024020801,True,CHI,TBL,False,1,4,35,21,17,34,False,TBL,CHI,False,4,1,21,35,34,17
2024020802,True,CAR,NYR,False,0,4,22,26,22,22,False,NYR,CAR,False,4,0,26,22,22,22
2024020803,True,COL,NYI,False,5,2,28,32,30,23,False,NYI,COL,False,2,5,32,28,23,30
2024020804,True,WSH,CGY,False,1,3,33,23,20,32,False,CGY,WSH,False,3,1,23,33,32,20
2024020805,True,DAL,VGK,False,3,4,28,28,24,25,False,VGK,DAL,False,4,3,28,28,25,24
2024020806,True,ANA,SEA,True,4,6,30,23,17,26,False,SEA,ANA,False,6,4,23,30,26,17
2024020807,True,MIN,TOR,False,1,3,33,25,22,32,False,TOR,MIN,False,3,1,25,33,32,22
2024020808,True,LAK,FLA,False,3,0,39,29,29,36,False,FLA,LAK,False,0,3,29,39,36,29
2024020809,True,PHI,NJD,False,5,0,26,24,24,21,False,NJD,PHI,False,0,5,24,26,21,24
2024020810,True,VAN,NSH,False,1,3,32,22,19,31,False,NSH,VAN,False,3,1,22,32,31,19
2024020811,True,PIT,UTA,False,2,3,29,29,26,27,False,UTA,PIT,False,3,2,29,29,27,26
2024020812,True,WPG,BOS,False,2,6,28,28,22,26,False,BOS,WPG,False,6,2,28,28,26,22
2024020813,True,MIN,MTL,False,0,4,19,27,23,19,False,MTL,MIN,True,4,0,27,19,19,23
2024020814,True,WSH,OTT,False,5,4,34,35,31,29,False,OTT,WSH,False,4,5,35,34,29,31
2024020815,True,LAK,TBL,False,3,0,33,28,28,30,False,TBL,LAK,True,0,3,28,33,30,28
2024020816,True,NYI,PHI,True,0,3,23,28,25,23,False,PHI,NYI,False,3,0,28,23,23,25
2024020817,True,CHI,CAR,False,3,2,27,20,18,24,False,CAR,CHI,False,2,3,20,27,24,18
2024020818,True,ANA,CGY,False,4,1,30,31,30,26,False,CGY,ANA,False,1,4,31,30,26,30
2024020819,True,DET,EDM,False,2,3,47,35,33,45,False,EDM,DET,False,3,2,35,47,45,33
2024020820,True,CBJ,VGK,False,1,2,26,24,22,25,False,VGK,CBJ,False,2,1,24,26,25,22
2024020821,True,SJS,SEA,False,6,2,33,28,26,27,False,SEA,SJS,False,2,6,28,33,27,26
2024020822,True,NSH,BUF,False,4,3,27,31,28,23,False,BUF,NSH,False,3,4,31,27,23,28
2024020823,True,VAN,DAL,False,5,3,16,29,26,11,False,DAL,VAN,False,3,5,29,16,11,26
2024020824,True,STL,COL,False,5,0,36,19,19,31,False,COL,STL,False,0,5,19,36,31,19
2024020825,True,CBJ,UTA,False,2,3,34,23,20,32,False,UTA,CBJ,True,3,2,23,34,32,20
2024020826,True,CHI,FLA,False,5,1,44,25,24,39,False,FLA,CHI,False,1,5,25,44,39,24
2024020827,True,NYR,BOS,False,6,3,25,25,22,19,False,BOS,NYR,False,3,6,25,25,19,22
2024020828,True,MIN,OTT,False,6,0,52,16,16,46,False,OTT,MIN,False,0,6,16,52,46,16
2024020829,True,NYI,TBL,False,2,3,31,36,33,29,False,TBL,NYI,False,3,2,36,31,29,33
2024020830,True,NSH,PIT,False,3,0,36,25,25,33,False,PIT,NSH,True,0,3,25,36,33,25
2024020831,True,WPG,WSH,False,4,5,29,30,25,25,False,WSH,WPG,False,5,4,30,29,25,25
2024020832,True,LAK,CAR,False,2,4,28,26,22,26,False,CAR,LAK,False,4,2,26,28,26,22
2024020833,True,TOR,EDM,False,3,4,48,28,24,45,False,EDM,TOR,False,4,3,28,48,45,24
2024020834,True,DET,CGY,False,1,3,34,25,22,33,False,CGY,DET,False,3,1,25,34,33,22
2024020835,True,NJD,BUF,False,4,3,34,24,21,30,False,BUF,NJD,False,3,4,24,34,30,21
2024020836,True,PHI,COL,False,2,0,32,24,24,30,False,COL,PHI,False,0,2,24,32,30,24
2024020837,True,MTL,ANA,False,3,2,22,23,21,19,False,ANA,MTL,False,2,3,23,22,19,21
2024020838,True,NYI,FLA,True,6,3,33,34,31,27,False,FLA,NYI,True,3,6,34,33,27,31
2024020839,True,VGK,NYR,True,4,2,28,36,34,24,False,NYR,VGK,False,2,4,36,28,24,34
2024020840,True,CBJ,DAL,False,5,3,39,30,27,34,False,DAL,CBJ,False,3,5,30,39,34,27
2024020841,True,STL,UTA,False,1,2,25,29,27,24,False,UTA,STL,False,2,1,29,25,24,27
2024020842,True,DET,VAN,False,2,3,27,18,15,25,False,VAN,DET,True,3,2,18,27,25,15
2024020843,True,CGY,SEA,False,2,3,31,35,32,29,False,SEA,CGY,True,3,2,35,31,29,32
2024020844,True,OTT,NSH,False,2,5,27,39,34,25,False,NSH,OTT,False,5,2,39,27,25,34
2024020845,True,MIN,BOS,False,3,0,35,36,36,32,False,BOS,MIN,False,0,3,36,35,32,36
2024020846,True,CBJ,BUF,False,3,2,21,29,27,18,False,BUF,CBJ,False,2,3,29,21,18,27
2024020847,True,OTT,TBL,False,4,3,38,28,25,34,False,TBL,OTT,True,3,4,28,38,34,25
2024020848,True,NJD,PIT,False,2,3,27,21,19,25,False,PIT,NJD,False,3,2,21,27,25,19
2024020849,True,FLA,WSH,False,6,3,26,33,30,20,False,WSH,FLA,False,3,6,33,26,20,30
2024020850,True,VGK,NYI,False,2,1,14,34,33,12,False,NYI,VGK,False,1,2,34,14,12,33
2024020851,True,EDM,STL,False,2,3,22,39,36,20,False,STL,EDM,False,3,2,39,22,20,36
2024020852,True,CAR,WPG,False,3,0,30,29,29,27,False,WPG,CAR,False,0,3,29,30,27,29
2024020853,True,TOR,CGY,False,3,6,26,30,24,23,False,CGY,TOR,False,6,3,30,26,23,24
2024020854,True,PHI,UTA,False,3,2,42,20,18,39,False,UTA,PHI,False,2,3,20,42,39,18
2024020855,True,COL,VAN,False,3,0,31,25,25,28,False,VAN,COL,False,0,3,25,31,28,25
2024020856,True,DAL,ANA,False,2,1,28,27,26,26,False,ANA,DAL,False,1,2,27,28,26,26
2024020857,True,DET,SEA,False,4,5,27,40,36,23,False,SEA,DET,False,5,4,40,27,23,36
2024020858,True,MTL,SJS,False,3,4,30,20,16,27,False,SJS,MTL,False,4,3,20,30,27,16
2024020859,True,BOS,NYR,False,3,2,22,17,15,19,False,NYR,BOS,True,2,3,17,22,19,15
2024020860,True,EDM,CHI,False,3,4,32,38,34,29,False,CHI,EDM,True,4,3,38,32,29,34
2024020861,True,MTL,LAK,False,6,3,37,21,18,31,False,LAK,MTL,True,3,6,21,37,31,18
